Player,Team,Rec,Tgt,Yds,Y/R,Long,1stD,TD,Fumb,FumL,Date
Puka Nacua,LAR,9,14,165,18.3,44,6,1,0,0,1/25
Jaxon Smith-Njigba,SEA,10,12,153,15.3,42,9,1,0,0,1/25
Davante Adams,LAR,4,6,89,22.3,35,4,1,0,0,1/25
Colby Parkinson,LAR,3,4,62,20.7,40,3,0,1,0,1/25
Marvin Mims Jr.,DEN,4,6,62,15.5,52,2,0,0,0,1/25
Rashid Shaheed,SEA,1,3,51,51,51,1,0,0,0,1/25
Mack Hollins,NE,2,2,51,25.5,31,2,0,0,0,1/25
Kenneth Walker III,SEA,4,4,49,12.3,15,3,0,0,0,1/25
Cooper Kupp,SEA,4,6,36,9,13,3,1,0,0,1/25
George Holani,SEA,3,4,27,9,13,1,0,0,0,1/25
Blake Corum,LAR,3,3,24,8,15,1,0,0,0,1/25
RJ Harvey,DEN,4,6,22,5.5,11,2,0,0,0,1/25
Kyren Williams,LAR,2,2,22,11,13,2,1,0,0,1/25
Evan Engram,DEN,2,3,19,9.5,12,1,0,0,0,1/25
Stefon Diggs,NE,5,6,17,3.4,6,0,0,0,0,1/25
Jake Bobo,SEA,1,2,17,17,17,1,1,0,0,1/25
Courtland Sutton,DEN,3,5,17,5.7,6,1,1,0,0,1/25
AJ Barner,SEA,2,3,13,6.5,7,1,0,1,0,1/25
Tyler Higbee,LAR,1,1,12,12,12,1,0,0,0,1/25
Hunter Henry,NE,2,3,12,6,9,0,0,0,0,1/25
Kayshon Boutte,NE,1,6,6,6,6,0,0,0,0,1/25
Lil'Jordan Humphrey,DEN,1,3,5,5,5,1,0,0,0,1/25
Elijah Moore,DEN,1,1,4,4,4,0,0,0,0,1/25
Jaleel McLaughlin,DEN,1,2,2,2,2,0,0,0,0,1/25
Pat Bryant,DEN,1,1,2,2,2,1,0,0,0,1/25
Ronnie Rivers,LAR,0,1,0,-,-,0,0,0,0,1/25
DeMario Douglas,NE,0,1,0,-,-,0,0,0,0,1/25
Terrance Ferguson,LAR,0,1,0,-,-,0,0,0,0,1/25
Konata Mumpfield,LAR,0,2,0,-,-,0,0,0,0,1/25
Rhamondre Stevenson,NE,0,2,0,-,-,0,0,0,0,1/25
Marvin Mims Jr.,DEN,8,8,93,11.6,27,5,1,0,0,1/18
Dalton Kincaid,BUF,6,6,83,13.8,25,4,1,0,0,1/18
Khalil Shakir,BUF,7,9,75,10.7,46,3,0,0,0,1/18
Kayshon Boutte,NE,3,5,75,25,32,3,1,0,0,1/18
Cooper Kupp,SEA,5,5,60,12,21,3,0,0,0,1/18
Jayden Higgins,HOU,6,10,59,9.8,16,2,0,0,0,1/18
Jake Tonges,SF,5,6,59,11.8,16,4,0,1,1,1/18
Puka Nacua,LAR,5,10,56,11.2,16,4,0,0,0,1/18
Colby Parkinson,LAR,3,7,56,18.7,35,2,0,0,0,1/18
Colston Loveland,CHI,4,10,56,14,23,3,0,0,0,1/18
Courtland Sutton,DEN,4,9,53,13.3,25,3,0,0,0,1/18
DJ Moore,CHI,5,8,52,10.4,34,2,1,0,0,1/18
Dalton Schultz,HOU,2,2,47,23.5,42,1,0,0,0,1/18
RJ Harvey,DEN,5,6,46,9.2,24,1,0,0,0,1/18
Rome Odunze,CHI,2,6,44,22,27,2,0,0,0,1/18
Xavier Hutchinson,HOU,4,13,44,11,23,2,0,0,0,1/18
Stefon Diggs,NE,4,6,40,10,14,2,1,0,0,1/18
Christian McCaffrey,SF,5,6,39,7.8,11,3,0,0,0,1/18
Kyle Monangai,CHI,4,4,36,9,16,2,0,0,0,1/18
DeMario Douglas,NE,2,2,36,18,28,1,1,0,0,1/18
Jordan Whittington,LAR,2,2,35,17.5,20,2,0,0,0,1/18
Lil'Jordan Humphrey,DEN,2,5,33,16.5,29,1,1,0,0,1/18
Ray Davis,BUF,2,2,33,16.5,24,1,0,0,0,1/18
Dawson Knox,BUF,3,5,32,10.7,13,2,0,0,0,1/18
Pat Bryant,DEN,3,3,32,10.7,15,2,0,0,0,1/18
Cole Kmet,CHI,3,3,31,10.3,14,2,1,0,0,1/18
Kyren Williams,LAR,4,5,30,7.5,14,2,0,0,0,1/18
Kenneth Walker III,SEA,3,3,29,9.7,15,2,0,0,0,1/18
Tyler Higbee,LAR,1,2,27,27,27,1,0,0,0,1/18
Davante Adams,LAR,2,6,24,12,12,2,0,0,0,1/18
Luther Burden III,CHI,3,7,24,8,11,0,0,0,0,1/18
James Cook III,BUF,2,3,24,12,24,1,0,1,1,1/18
Jauan Jennings,SF,2,5,23,11.5,19,1,0,0,0,1/18
Harrison Bryant,HOU,3,6,21,7,9,1,0,0,0,1/18
Brandin Cooks,BUF,2,6,20,10,15,1,0,0,0,1/18
Christian Kirk,HOU,2,6,20,10,10,2,1,0,0,1/18
Terrance Ferguson,LAR,1,5,19,19,19,1,0,0,0,1/18
Woody Marks,HOU,2,3,19,9.5,13,1,0,1,1,1/18
Jaxon Smith-Njigba,SEA,3,4,19,6.3,11,1,1,0,0,1/18
Jake Bobo,SEA,1,1,16,16,16,1,0,0,0,1/18
Austin Hooper,NE,1,2,14,14,14,1,0,0,0,1/18
Rhamondre Stevenson,NE,4,4,11,2.8,9,0,0,0,0,1/18
Konata Mumpfield,LAR,2,3,11,5.5,6,0,0,0,0,1/18
Kyle Juszczyk,SF,1,1,11,11,11,1,0,1,0,1/18
Keon Coleman,BUF,1,3,10,10,10,1,1,0,0,1/18
Olamide Zaccheaus,CHI,1,2,9,9,9,0,0,0,0,1/18
Evan Engram,DEN,1,3,7,7,7,0,0,0,0,1/18
Tyler Badie,DEN,1,2,7,7,7,0,0,0,0,1/18
Frank Crum,DEN,1,1,7,7,7,1,1,0,0,1/18
Jordan James,SF,1,1,7,7,7,1,0,0,0,1/18
Durham Smythe,CHI,1,1,5,5,5,0,0,0,0,1/18
Hunter Henry,NE,1,2,5,5,5,0,0,0,0,1/18
Mecole Hardman Jr.,BUF,1,2,4,4,4,1,1,0,0,1/18
Brian Robinson Jr.,SF,1,1,3,3,3,0,0,0,0,1/18
Curtis Samuel,BUF,1,3,2,2,2,0,0,0,0,1/18
Cade Stover,HOU,1,3,2,2,2,0,0,0,0,1/18
Luke Farrell,SF,1,2,1,1,1,0,0,0,0,1/18
Demarcus Robinson,SF,1,1,1,1,1,0,0,0,0,1/18
Nate Adkins,DEN,1,1,1,1,1,0,0,0,0,1/18
Kyle Williams,NE,0,3,0,-,-,0,0,0,0,1/18
Nick Chubb,HOU,0,1,0,-,-,0,0,0,0,1/18
Jaylin Noel,HOU,0,1,0,-,-,0,0,0,0,1/18
Theo Benedet,CHI,0,1,0,-,-,0,0,0,0,1/18
Robbie Ouzts,SEA,0,1,0,-,-,0,0,0,0,1/18
Rashid Shaheed,SEA,0,2,0,-,-,0,0,0,0,1/18
Ricky Pearsall,SF,0,2,0,-,-,0,0,0,0,1/18
Kendrick Bourne,SF,0,2,0,-,-,0,0,0,0,1/18
Adam Prentice,DEN,0,1,0,-,-,0,0,0,0,1/18
Adam Trautman,DEN,0,2,0,-,-,0,0,0,0,1/18
Jaleel McLaughlin,DEN,0,1,0,-,-,0,0,0,0,1/18
TreVeyon Henderson,NE,1,2,-2,-2,-2,0,0,0,0,1/18
Christian Kirk,HOU,8,9,144,18,46,6,1,0,0,1/11
Colston Loveland,CHI,8,15,137,17.1,29,6,0,0,0,1/11
Jalen Coker,CAR,9,12,134,14.9,52,5,1,0,0,1/11
Romeo Doubs,GB,8,11,124,15.5,34,7,1,0,0,1/11
Puka Nacua,LAR,10,18,111,11.1,18,7,1,0,0,1/11
Demarcus Robinson,SF,6,7,111,18.5,61,5,1,0,0,1/11
Parker Washington,JAX,7,12,107,15.3,34,5,1,0,0,1/11
Matthew Golden,GB,4,5,84,21,36,4,1,0,0,1/11
Khalil Shakir,BUF,12,12,82,6.8,18,3,0,0,0,1/11
Tetairoa McMillan,CAR,5,7,81,16.2,22,5,0,0,0,1/11
Rhamondre Stevenson,NE,3,4,75,25,48,3,0,0,0,1/11
Davante Adams,LAR,5,13,72,14.4,23,4,0,0,0,1/11
DeVonta Smith,PHI,8,11,70,8.8,15,2,0,0,0,1/11
Kayshon Boutte,NE,4,4,66,16.5,42,2,0,0,0,1/11
Christian McCaffrey,SF,6,8,66,11,29,4,2,0,0,1/11
DJ Moore,CHI,6,7,64,10.7,25,3,1,0,0,1/11
Hunter Henry,NE,3,5,64,21.3,28,3,1,0,0,1/11
Brandin Cooks,BUF,3,5,58,19.3,36,3,0,0,0,1/11
Kyle Juszczyk,SF,4,4,49,12.3,27,2,0,0,0,1/11
Travis Etienne Jr.,JAX,5,5,49,9.8,14,3,1,0,0,1/11
Tyler Higbee,LAR,2,3,45,22.5,36,1,0,0,0,1/11
Jauan Jennings,SF,1,3,45,45,45,1,0,0,0,1/11
Rome Odunze,CHI,2,6,44,22,27,2,0,0,0,1/11
Jayden Reed,GB,4,7,43,10.8,20,2,1,0,0,1/11
Luther Burden III,CHI,3,7,42,14,25,3,0,0,0,1/11
DK Metcalf,PIT,2,5,42,21,25,2,0,0,0,1/11
Jayden Higgins,HOU,3,4,39,13,16,3,0,0,0,1/11
D'Andre Swift,CHI,2,2,38,19,23,2,0,0,0,1/11
Christian Watson,GB,3,7,36,12,22,2,1,1,0,1/11
Keon Coleman,BUF,1,1,36,36,36,1,0,0,0,1/11
Colby Parkinson,LAR,2,3,34,17,19,2,1,0,0,1/11
Dallas Goedert,PHI,4,7,33,8.3,15,2,1,0,0,1/11
Ladd McConkey,LAC,3,4,32,10.7,20,2,0,0,0,1/11
Oronde Gadsden,LAC,3,3,30,10,10,2,0,0,0,1/11
Dawson Knox,BUF,3,3,30,10,24,1,0,0,0,1/11
Dalton Kincaid,BUF,3,5,28,9.3,15,2,1,0,0,1/11
Kenneth Gainwell,PIT,4,6,26,6.5,12,0,0,0,0,1/11
Marquez Valdes-Scantling,PIT,3,5,26,8.7,14,1,0,0,0,1/11
Keenan Allen,LAC,3,8,25,8.3,10,2,0,0,0,1/11
Saquon Barkley,PHI,3,6,25,8.3,20,1,0,0,0,1/11
A.J. Brown,PHI,3,7,25,8.3,10,1,0,0,0,1/11
Adam Thielen,PIT,2,2,25,12.5,21,2,0,0,0,1/11
Kyle Monangai,CHI,1,3,22,22,22,1,0,0,0,1/11
Tommy Tremble,CAR,3,3,22,7.3,11,1,0,0,0,1/11
Xavier Hutchinson,HOU,2,4,21,10.5,16,1,0,0,0,1/11
Brian Thomas Jr.,JAX,2,2,21,10.5,18,2,1,0,0,1/11
Nico Collins,HOU,3,7,21,7,13,1,0,0,0,1/11
Kimani Vidal,LAC,2,3,20,10,11,0,0,0,0,1/11
Tre' Harris,LAC,2,3,20,10,14,2,0,0,0,1/11
Efton Chism III,NE,1,1,20,20,20,1,0,0,0,1/11
Quentin Johnston,LAC,3,6,20,6.7,9,0,0,0,0,1/11
Kyren Williams,LAR,2,2,18,9,13,1,1,0,0,1/11
Pat Freiermuth,PIT,1,3,18,18,18,1,0,0,0,1/11
Stefon Diggs,NE,2,5,16,8,9,1,0,0,0,1/11
Jake Tonges,SF,1,3,14,14,14,1,0,0,0,1/11
Gabe Davis,BUF,2,3,14,7,9,1,0,0,0,1/11
Tyrell Shavers,BUF,1,2,14,14,14,1,0,0,0,1/11
Blake Corum,LAR,2,2,13,6.5,9,0,0,0,0,1/11
Chuba Hubbard,CAR,2,4,13,6.5,7,1,0,0,0,1/11
Cade Stover,HOU,2,2,13,6.5,8,0,0,0,0,1/11
Tucker Fisk,LAC,3,3,12,4,7,0,0,0,0,1/11
Jakobi Meyers,JAX,1,4,12,12,12,1,0,0,0,1/11
Dalton Schultz,HOU,3,4,12,4,6,1,0,0,0,1/11
Chris Brooks,GB,1,1,11,11,11,0,0,0,0,1/11
Konata Mumpfield,LAR,1,1,11,11,11,1,0,0,0,1/11
LeQuint Allen Jr.,JAX,1,1,9,9,9,0,0,0,0,1/11
Luke Musgrave,GB,1,2,9,9,9,0,0,0,0,1/11
TreVeyon Henderson,NE,1,1,9,9,9,0,0,0,0,1/11
Darius Cooper,PHI,1,1,9,9,9,1,0,0,0,1/11
Brenton Strange,JAX,2,5,9,4.5,9,0,0,0,0,1/11
Olamide Zaccheaus,CHI,1,2,8,8,8,1,1,0,0,1/11
Xavier Legette,CAR,1,4,8,8,8,0,0,0,0,1/11
Jack Westover,NE,1,1,8,8,8,1,0,0,0,1/11
Calvin Austin III,PIT,3,6,8,2.7,6,1,0,0,0,1/11
Josh Whyle,GB,1,1,7,7,7,0,0,0,0,1/11
Kyle Williams,NE,1,1,7,7,7,1,0,0,0,1/11
Durham Smythe,CHI,1,2,6,6,6,0,0,0,0,1/11
Darian Kinnard,GB,1,1,6,6,6,0,0,1,0,1/11
Will Shipley,PHI,1,1,6,6,6,0,0,0,0,1/11
Rico Dowdle,CAR,1,2,6,6,6,0,0,0,0,1/11
George Kittle,SF,1,2,6,6,6,0,0,0,0,1/11
Frank Gore Jr.,BUF,1,1,6,6,6,0,0,0,0,1/11
James Cook III,BUF,2,3,5,2.5,4,0,0,0,0,1/11
Jaylen Warren,PIT,1,1,4,4,4,0,0,0,0,1/11
Josh Jacobs,GB,1,3,3,3,3,0,0,1,0,1/11
DeMario Douglas,NE,1,2,3,3,3,0,0,0,0,1/11
Cole Kmet,CHI,0,2,0,-,-,0,0,0,0,1/11
Austin Hooper,NE,0,2,0,-,-,0,0,0,0,1/11
Drake Maye,NE,0,1,0,-,-,0,0,2,1,1/11
Skyy Moore,SF,0,1,0,-,-,0,0,1,0,1/11
James Mitchell,CAR,0,1,0,-,-,0,0,0,0,1/11
Brycen Tremayne,CAR,0,1,0,-,-,0,0,0,0,1/11
Mitchell Evans,CAR,0,1,0,-,-,0,0,0,0,1/11
Jimmy Horn Jr.,CAR,0,2,0,-,-,0,0,0,0,1/11
Jahan Dotson,PHI,0,1,0,-,-,0,0,0,0,1/11
Malik Turner,SF,0,1,0,-,-,0,0,0,0,1/11
Luke Farrell,SF,0,1,0,-,-,0,0,0,0,1/11
Tim Patrick,JAX,0,1,0,-,-,0,0,0,0,1/11
Jaylin Noel,HOU,0,1,0,-,-,0,0,0,0,1/11
Woody Marks,HOU,0,1,0,-,-,0,0,0,0,1/11
Jonnu Smith,PIT,2,3,-1,-0.5,0,0,0,0,0,1/11
Luther Burden III,CHI,8,9,138,17.3,35,6,1,0,0,12/28
Chris Olave,NO,8,11,119,14.9,60,5,1,0,0,12/28
Parker Washington,JAX,8,10,115,14.4,37,4,0,0,0,12/28
Jalen McMillan,TB,7,9,114,16.3,33,4,0,0,0,12/28
Christian Watson,GB,5,6,113,22.6,39,5,1,0,0,12/28
Wan'Dale Robinson,NYG,11,14,113,10.3,36,5,0,0,0,12/28
Chris Godwin Jr.,TB,7,8,108,15.4,59,5,1,0,0,12/28
Brandin Cooks,BUF,4,6,101,25.3,50,3,0,0,0,12/28
Stefon Diggs,NE,6,6,101,16.8,31,5,1,0,0,12/28
Quentin Johnston,LAC,5,8,98,19.6,60,4,0,0,0,12/28
Juwan Johnson,NO,4,4,95,23.8,39,3,0,0,0,12/28
Colston Loveland,CHI,6,10,94,15.7,36,5,1,0,0,12/28
Michael Wilson,ARI,5,10,89,17.8,38,4,1,0,0,12/28
Michael Mayer,LV,9,10,89,9.9,19,4,0,0,0,12/28
Jayden Higgins,HOU,2,4,88,44,75,2,1,0,0,12/28
KaVontae Turpin,DAL,1,1,86,86,86,1,1,0,0,12/28
Ricky Pearsall,SF,5,8,85,17,30,4,0,0,0,12/28
George Pickens,DAL,4,5,78,19.5,21,4,0,0,0,12/28
Trey McBride,ARI,10,13,76,7.6,18,4,1,0,0,12/28
Jaxon Smith-Njigba,SEA,9,12,72,8,18,3,0,0,0,12/28
Amon-Ra St. Brown,DET,8,13,68,8.5,23,5,0,0,0,12/28
Deebo Samuel,WAS,2,4,68,34,41,2,0,0,0,12/28
A.J. Brown,PHI,5,7,68,13.6,27,3,0,0,0,12/28
Xavier Smith,LAR,4,6,67,16.8,36,3,0,0,0,12/28
Terry McLaurin,WAS,5,7,63,12.6,16,4,0,0,0,12/28
Pat Freiermuth,PIT,3,5,63,21,29,3,0,0,0,12/28
Theo Wease Jr.,MIA,1,1,63,63,63,1,1,0,0,12/28
Romeo Doubs,GB,3,3,62,20.7,40,3,0,0,0,12/28
Ja'Marr Chase,CIN,7,9,60,8.6,22,4,2,0,0,12/28
Jake Tonges,SF,7,9,60,8.6,18,6,1,0,0,12/28
Tee Higgins,CIN,4,5,59,14.8,39,2,0,0,0,12/28
Greg Dulcich,MIA,5,6,58,11.6,23,3,1,0,0,12/28
Nico Collins,HOU,3,4,57,19,23,3,0,0,0,12/28
Chig Okonkwo,TEN,3,7,55,18.3,43,1,1,0,0,12/28
Chimere Dike,TEN,4,5,55,13.8,38,2,0,0,0,12/28
Rhamondre Stevenson,NE,5,5,55,11,22,3,1,0,0,12/28
Jerry Jeudy,CLE,5,7,54,10.8,15,4,0,0,0,12/28
Jaylin Noel,HOU,3,4,54,18,43,1,1,0,0,12/28
Brenton Strange,JAX,3,5,54,18,20,3,0,0,0,12/28
Terrance Ferguson,LAR,2,4,54,27,27,2,1,0,0,12/28
Dante Pettis,NO,3,4,53,17.7,32,1,0,1,1,12/28
Colby Parkinson,LAR,6,7,53,8.8,16,1,0,0,0,12/28
Kevin Austin Jr.,NO,4,5,52,13,36,2,1,0,0,12/28
Isaac TeSlaa,DET,3,4,49,16.3,28,3,1,0,0,12/28
Tre Tucker,LV,5,6,49,9.8,26,1,0,0,0,12/28
Hunter Henry,NE,3,3,49,16.3,23,3,1,0,0,12/28
Mike Gesicki,CIN,2,2,47,23.5,32,2,0,0,0,12/28
Puka Nacua,LAR,5,10,47,9.4,11,2,1,0,0,12/28
CeeDee Lamb,DAL,5,10,46,9.2,24,2,0,0,0,12/28
Van Jefferson,TEN,3,3,46,15.3,27,2,0,0,0,12/28
Tyler Warren,IND,5,5,43,8.6,14,4,0,0,0,12/28
AJ Barner,SEA,3,3,43,14.3,17,3,1,0,0,12/28
Cedric Tillman,CLE,1,1,42,42,42,1,0,0,0,12/28
Jauan Jennings,SF,2,4,42,21,38,1,1,0,0,12/28
Jayden Reed,GB,4,4,41,10.3,30,1,0,0,0,12/28
Andrei Iosivas,CIN,4,6,41,10.3,12,4,0,0,0,12/28
John Metchie III,NYJ,3,3,41,13.7,18,2,0,0,0,12/28
Christian McCaffrey,SF,4,6,41,10.3,18,2,0,0,0,12/28
Courtland Sutton,DEN,4,10,40,10,23,3,0,0,0,12/28
Chase Brown,CIN,3,3,40,13.3,18,1,0,0,0,12/28
Efton Chism III,NE,2,2,40,20,30,2,1,0,0,12/28
Jakobi Meyers,JAX,6,9,39,6.5,9,2,0,1,1,12/28
Brian Thomas Jr.,JAX,4,7,39,9.8,17,2,0,0,0,12/28
Kyren Williams,LAR,3,3,38,12.7,21,2,0,0,0,12/28
Jameson Williams,DET,2,3,37,18.5,22,2,0,0,0,12/28
Elic Ayomanor,TEN,4,7,37,9.3,14,4,1,0,0,12/28
David Sills V,ATL,3,4,37,12.3,20,2,0,0,0,12/28
Travis Kelce,KC,5,6,36,7.2,14,2,0,0,0,12/28
Tyrell Shavers,BUF,2,3,36,18,32,2,0,0,0,12/28
Darius Slayton,NYG,2,3,36,18,21,2,0,0,0,12/28
Khalil Shakir,BUF,6,7,35,5.8,13,1,0,0,0,12/28
Darnell Mooney,ATL,2,3,35,17.5,22,2,0,0,0,12/28
Josh Downs,IND,2,5,34,17,18,2,0,0,0,12/28
Bo Melton,GB,1,3,34,34,34,1,0,0,0,12/28
Mason Kinsey,TEN,1,1,34,34,34,1,0,0,0,12/28
Bijan Robinson,ATL,5,8,34,6.8,11,3,1,0,0,12/28
Cade Otton,TB,4,4,33,8.3,13,1,0,0,0,12/28
RJ Harvey,DEN,5,6,33,6.6,13,2,1,0,0,12/28
Ty Johnson,BUF,3,4,33,11,21,1,0,0,0,12/28
Oronde Gadsden,LAC,3,6,32,10.7,25,2,1,0,0,12/28
Brevyn Spann-Ford,DAL,1,2,31,31,31,1,0,0,0,12/28
Jalen Tolbert,DAL,4,8,31,7.8,14,3,0,0,0,12/28
Ladd McConkey,LAC,1,2,31,31,31,1,0,0,0,12/28
Omarion Hampton,LAC,8,8,31,3.9,17,1,0,0,0,12/28
Tanner Hudson,CIN,2,2,31,15.5,18,2,0,0,0,12/28
Mike Evans,TB,3,7,31,10.3,16,3,1,0,0,12/28
Justin Jefferson,MIN,4,5,30,7.5,10,1,0,0,0,12/28
Zay Flowers,BAL,4,5,30,7.5,13,3,1,0,0,12/28
Dawson Knox,BUF,5,5,30,6,15,2,0,0,0,12/28
Harold Fannin Jr.,CLE,2,2,30,15,28,1,1,0,0,12/28
Isaiah Williams,NYJ,4,5,30,7.5,10,0,0,0,0,12/28
Jahdae Walker,CHI,2,4,30,15,19,1,0,0,0,12/28
Demarcus Robinson,SF,2,2,30,15,25,1,0,0,0,12/28
Ben Sinnott,WAS,3,4,29,9.7,12,2,0,0,0,12/28
De'Von Achane,MIA,3,3,29,9.7,20,1,0,0,0,12/28
Mark Andrews,BAL,4,4,28,7,9,1,0,0,0,12/28
Isaiah Likely,BAL,3,3,27,9,11,2,0,0,0,12/28
DeVonta Smith,PHI,2,5,25,12.5,14,2,0,0,0,12/28
Scotty Miller,PIT,3,7,25,8.3,15,2,0,0,0,12/28
Devin Singletary,NYG,4,4,25,6.3,12,1,0,0,0,12/28
D'Andre Swift,CHI,2,3,25,12.5,10,1,0,0,0,12/28
Kendrick Bourne,SF,1,1,25,25,25,1,0,0,0,12/28
Adam Trautman,DEN,2,2,24,12,13,2,0,0,0,12/28
Xavier Weaver,ARI,2,3,24,12,23,1,0,0,0,12/28
Jahmyr Gibbs,DET,2,3,23,11.5,13,1,0,1,1,12/28
Lil'Jordan Humphrey,DEN,2,5,23,11.5,17,1,0,0,0,12/28
Adonai Mitchell,NYJ,3,9,22,7.3,8,0,0,0,0,12/28
Marquez Valdes-Scantling,PIT,3,9,21,7,7,1,0,1,0,12/28
Evan Engram,DEN,4,4,21,5.3,8,0,0,0,0,12/28
Xavier Hutchinson,HOU,2,3,21,10.5,11,1,0,0,0,12/28
Cody Ford,CIN,1,1,21,21,21,1,0,0,0,12/28
Mo Alie-Cox,IND,3,3,20,6.7,8,1,1,0,0,12/28
Shedrick Jackson,LV,2,3,20,10,11,0,0,0,0,12/28
Emeka Egbuka,TB,3,5,20,6.7,7,0,0,0,0,12/28
Kyle Williams,NE,3,5,20,6.7,11,2,0,0,0,12/28
Dalton Schultz,HOU,3,4,19,6.3,11,0,0,1,0,12/28
Will Dissly,LAC,2,2,19,9.5,18,1,0,0,0,12/28
Brenden Bates,CLE,1,1,19,19,19,1,0,0,0,12/28
Gunner Olszewski,NYG,1,1,19,19,19,1,0,0,0,12/28
Tez Johnson,TB,2,2,19,9.5,17,1,0,0,0,12/28
Jonnu Smith,PIT,5,5,18,3.6,8,1,0,0,0,12/28
Breece Hall,NYJ,2,3,18,9,21,1,0,0,0,12/28
Stone Smartt,NYJ,2,3,18,9,12,2,0,0,0,12/28
Troy Franklin,DEN,4,4,17,4.3,6,2,0,0,0,12/28
Keenan Allen,LAC,1,3,17,17,17,1,0,0,0,12/28
JuJu Smith-Schuster,KC,3,3,16,5.3,12,1,0,0,0,12/28
Isaiah Bond,CLE,1,1,16,16,16,1,0,0,0,12/28
Michael Pittman Jr.,IND,2,3,16,8,12,1,0,0,0,12/28
Will Mallory,IND,1,1,16,16,16,1,0,0,0,12/28
Travis Etienne Jr.,JAX,2,3,16,8,15,1,0,0,0,12/28
Julian Hill,MIA,1,2,16,16,16,1,0,0,0,12/28
Cole Kmet,CHI,2,3,16,8,9,1,0,0,0,12/28
Jalen Coker,CAR,2,2,16,8,8,1,0,0,0,12/28
Kyle Pitts Sr.,ATL,2,3,16,8,11,1,0,0,0,12/28
Chris Moore,WAS,1,1,15,15,15,1,0,0,0,12/28
David Montgomery,DET,2,2,15,7.5,13,1,0,0,0,12/28
Luke Schoonmaker,DAL,2,2,15,7.5,10,1,0,0,0,12/28
Darnell Washington,PIT,2,2,15,7.5,11,0,0,0,0,12/28
Michael Bandy,DEN,2,2,14,7,8,1,0,0,0,12/28
Hunter Luepke,DAL,1,1,14,14,14,0,0,0,0,12/28
Michael Carter,ARI,2,4,14,7,8,0,0,0,0,12/28
Adam Thielen,PIT,2,5,14,7,11,0,0,0,0,12/28
Jonathan Taylor,IND,3,6,14,4.7,7,0,0,0,0,12/28
Bucky Irving,TB,5,6,14,2.8,12,0,0,0,0,12/28
Kyle Juszczyk,SF,2,2,14,7,8,1,1,0,0,12/28
Ashton Jeanty,LV,2,2,13,6.5,11,1,0,0,0,12/28
Matthew Golden,GB,1,3,12,12,12,0,0,0,0,12/28
Jeremy McNichols,WAS,3,3,12,4,7,0,0,0,0,12/28
Joshua Palmer,BUF,1,2,12,12,12,1,0,0,0,12/28
Ray Davis,BUF,1,1,12,12,12,1,0,0,0,12/28
Kenneth Gainwell,PIT,3,4,12,4,10,2,0,0,0,12/28
Dont'e Thornton Jr.,LV,2,4,12,6,7,1,0,0,0,12/28
Zach Charbonnet,SEA,2,2,12,6,10,1,0,0,0,12/28
Chris Brooks,GB,1,2,11,11,11,1,0,0,0,12/28
Treylon Burks,WAS,1,2,11,11,11,1,0,0,0,12/28
Sal Cannella,CLE,2,4,11,5.5,6,1,0,0,0,12/28
Daniel Bellinger,NYG,2,3,11,5.5,7,0,0,0,0,12/28
Austin Hooper,NE,2,2,11,5.5,9,1,1,0,0,12/28
Durham Smythe,CHI,1,1,11,11,11,1,0,0,0,12/28
Marvin Mims Jr.,DEN,3,4,10,3.3,7,1,0,0,0,12/28
Aaron Jones Sr.,MIN,3,4,10,3.3,10,0,0,0,0,12/28
Raheim Sanders,CLE,1,2,10,10,10,0,0,0,0,12/28
Tony Pollard,TEN,2,2,10,5,10,1,0,0,0,12/28
Moliki Matavao,NO,2,2,10,5,6,0,0,0,0,12/28
DeMario Douglas,NE,1,2,10,10,10,0,0,0,0,12/28
Konata Mumpfield,LAR,2,5,10,5,6,0,0,0,0,12/28
Tahj Brooks,CIN,1,1,9,9,9,0,0,0,0,12/28
Emari Demercado,ARI,2,3,9,4.5,7,0,0,0,0,12/28
David Martin-Robinson,TEN,1,1,9,9,9,1,0,0,0,12/28
Isaiah Davis,NYJ,1,1,9,9,9,0,0,0,0,12/28
Tyler Lockett,LV,2,3,9,4.5,5,1,1,0,0,12/28
Kyle Monangai,CHI,3,4,9,3,11,1,0,0,0,12/28
Jimmy Horn Jr.,CAR,2,2,9,4.5,7,0,0,0,0,12/28
Rasheen Ali,BAL,2,3,8,4,5,0,0,0,0,12/28
Josh Oliver,MIN,1,2,8,8,8,1,0,0,0,12/28
Josh Whyle,GB,1,1,8,8,8,0,0,0,0,12/28
Emanuel Wilson,GB,1,1,8,8,8,1,0,0,0,12/28
Tre' Harris,LAC,1,1,8,8,8,1,0,0,0,12/28
Dallas Goedert,PHI,3,6,8,2.7,4,1,1,0,0,12/28
Samaje Perine,CIN,1,1,8,8,8,1,0,0,0,12/28
Drew Sample,CIN,1,1,8,8,8,0,0,0,0,12/28
Isaiah Hodgins,NYG,1,2,8,8,8,0,0,0,0,12/28
Cedrick Wilson Jr.,MIA,1,2,8,8,8,0,0,0,0,12/28
Rashid Shaheed,SEA,1,1,8,8,8,0,0,0,0,12/28
Hollywood Brown,KC,1,3,7,7,7,0,0,0,0,12/28
Dontayvion Wicks,GB,1,1,7,7,7,0,0,0,0,12/28
Rashod Bateman,BAL,1,1,7,7,7,0,0,0,0,12/28
Keaton Mitchell,BAL,2,2,7,3.5,7,0,0,0,0,12/28
Rachaad White,TB,2,2,7,3.5,6,0,0,0,0,12/28
DJ Moore,CHI,1,4,7,7,7,0,0,0,0,12/28
Kenneth Walker III,SEA,2,2,6,3,6,0,0,1,0,12/28
Chuba Hubbard,CAR,3,3,6,2,8,1,0,1,1,12/28
Jake Ferguson,DAL,1,2,6,6,6,1,1,0,0,12/28
Brian Robinson Jr.,SF,1,1,6,6,6,1,0,0,0,12/28
Cooper Kupp,SEA,1,3,6,6,6,1,0,0,0,12/28
Tommy Tremble,CAR,1,1,6,6,6,0,0,0,0,12/28
Tetairoa McMillan,CAR,1,4,5,5,5,0,0,0,0,12/28
Brashard Smith,KC,3,4,5,1.7,5,1,1,0,0,12/28
Kalif Raymond,DET,1,2,5,5,5,0,0,0,0,12/28
Ke'Shawn Williams,CIN,1,1,5,5,5,0,0,0,0,12/28
Puka Nacua,LAR,12,16,225,18.8,58,7,2,0,0,12/21
Chris Olave,NO,10,16,148,14.8,38,7,2,0,0,12/21
Parker Washington,JAX,6,10,145,24.2,63,5,1,0,0,12/21
Stefon Diggs,NE,9,10,138,15.3,33,7,0,0,0,12/21
George Pickens,DAL,7,9,130,18.6,38,5,1,0,0,12/21
George Kittle,SF,7,8,115,16.4,26,7,1,0,0,12/21
Ja'Marr Chase,CIN,9,11,109,12.1,36,6,0,0,0,12/21
Quentin Johnston,LAC,4,5,104,26,50,3,1,0,0,12/21
DJ Moore,CHI,5,7,97,19.4,46,3,1,0,0,12/21
Jaxon Smith-Njigba,SEA,8,13,96,12,27,5,1,0,0,12/21
A.J. Brown,PHI,9,12,95,10.6,24,6,0,0,0,12/21
Bijan Robinson,ATL,7,11,92,13.1,41,3,1,0,0,12/21
Elijah Higgins,ARI,7,8,91,13,25,4,0,0,0,12/21
Juwan Johnson,NO,8,9,89,11.1,31,4,0,0,0,12/21
Courtland Sutton,DEN,6,12,86,14.3,21,5,1,0,0,12/21
Alec Pierce,IND,4,4,86,21.5,33,4,2,0,0,12/21
Justin Jefferson,MIN,6,8,85,14.2,21,4,0,0,0,12/21
Zay Flowers,BAL,7,7,84,12,19,4,0,1,1,12/21
Romeo Doubs,GB,5,6,84,16.8,33,4,1,0,0,12/21
Kenneth Gainwell,PIT,5,7,78,15.6,45,2,1,0,0,12/21
Tetairoa McMillan,CAR,6,10,73,12.2,22,4,1,0,0,12/21
Jaylen Waddle,MIA,5,9,72,14.4,21,4,0,1,0,12/21
RJ Harvey,DEN,4,5,71,17.8,32,3,0,0,0,12/21
Jauan Jennings,SF,5,6,71,14.2,21,5,1,0,0,12/21
Jameson Williams,DET,5,9,70,14,21,3,0,0,0,12/21
Mack Hollins,NE,7,9,69,9.9,20,3,0,0,0,12/21
Jahmyr Gibbs,DET,10,13,66,6.6,16,3,1,1,0,12/21
Troy Franklin,DEN,4,5,66,16.5,48,1,0,0,0,12/21
Josh Downs,IND,5,9,65,13,18,4,0,0,0,12/21
Kenneth Walker III,SEA,3,3,64,21.3,46,2,0,0,0,12/21
Kalif Raymond,DET,4,5,62,15.5,27,4,1,0,0,12/21
Ashton Jeanty,LV,1,2,60,60,60,1,1,0,0,12/21
Nico Collins,HOU,4,9,59,14.8,24,3,0,0,0,12/21
Elic Ayomanor,TEN,3,4,58,19.3,25,2,0,0,0,12/21
Xavier Smith,LAR,2,2,57,28.5,48,2,0,0,0,12/21
Kyle Pitts Sr.,ATL,7,9,57,8.1,12,5,1,0,0,12/21
Tre' Harris,LAC,4,5,54,13.5,23,3,0,0,0,12/21
Amon-Ra St. Brown,DET,4,9,54,13.5,24,2,0,0,0,12/21
Terry McLaurin,WAS,3,4,53,17.7,40,3,0,0,0,12/21
Tyjae Spears,TEN,5,5,53,10.6,34,2,0,0,0,12/21
Tee Higgins,CIN,3,3,53,17.7,35,2,1,0,0,12/21
Isaac TeSlaa,DET,4,7,52,13,20,3,1,0,0,12/21
Isaiah Davis,NYJ,4,4,52,13,25,2,0,0,0,12/21
Michael Wilson,ARI,2,3,52,26,32,2,1,0,0,12/21
CeeDee Lamb,DAL,6,7,51,8.5,18,3,0,0,0,12/21
AJ Barner,SEA,4,6,49,12.3,26,2,1,0,0,12/21
Adam Thielen,PIT,4,4,49,12.3,17,3,0,0,0,12/21
Jalen Coker,CAR,3,5,47,15.7,34,2,0,0,0,12/21
Greg Dulcich,MIA,3,3,46,15.3,29,1,0,1,1,12/21
Kyle Williams,NE,2,3,46,23,37,1,1,0,0,12/21
Jakobi Meyers,JAX,4,8,45,11.3,25,2,0,0,0,12/21
Keenan Allen,LAC,5,5,44,8.8,12,4,0,0,0,12/21
Chig Okonkwo,TEN,6,8,44,7.3,15,3,1,0,0,12/21
Kyle Monangai,CHI,3,4,43,14.3,34,1,0,0,0,12/21
Ladd McConkey,LAC,4,6,43,10.8,25,2,1,0,0,12/21
Chase Brown,CIN,4,4,43,10.8,23,3,2,0,0,12/21
Adonai Mitchell,NYJ,3,6,43,14.3,26,1,0,0,0,12/21
Tre Tucker,LV,4,5,43,10.8,14,2,0,0,0,12/21
Jack Bech,LV,2,3,43,21.5,37,1,0,0,0,12/21
Pat Bryant,DEN,5,8,42,8.4,13,2,0,0,0,12/21
DeVonta Smith,PHI,6,8,42,7,16,3,1,0,0,12/21
DK Metcalf,PIT,4,9,42,10.5,20,2,0,0,0,12/21
Isiah Pacheco,KC,6,7,41,6.8,31,1,0,0,0,12/21
Xavier Worthy,KC,2,3,41,20.5,28,2,0,0,0,12/21
DeAndre Hopkins,BAL,4,5,41,10.3,16,3,0,0,0,12/21
Konata Mumpfield,LAR,3,8,40,13.3,19,3,0,0,0,12/21
Anthony Firkser,DET,4,4,40,10,18,3,0,0,0,12/21
Chimere Dike,TEN,3,5,40,13.3,30,3,1,0,0,12/21
Darren Waller,MIA,3,5,40,13.3,22,3,0,0,0,12/21
Emeka Egbuka,TB,1,2,40,40,40,1,0,0,0,12/21
Cooper Kupp,SEA,3,4,39,13,21,1,0,1,1,12/21
Brenton Strange,JAX,5,7,39,7.8,23,2,1,0,0,12/21
Luke Musgrave,GB,3,3,38,12.7,26,2,0,0,0,12/21
Trayveon Williams,CLE,4,4,38,9.5,26,2,0,0,0,12/21
Christian Kirk,HOU,3,5,37,12.3,21,2,0,0,0,12/21
Darnell Washington,PIT,3,4,36,12,18,2,0,1,1,12/21
Taysom Hill,NO,4,6,36,9,17,1,0,1,1,12/21
Evan Engram,DEN,2,4,36,18,33,1,0,0,0,12/21
Jayden Reed,GB,3,3,35,11.7,31,1,0,0,0,12/21
Deebo Samuel,WAS,3,4,35,11.7,20,2,0,0,0,12/21
Mike Gesicki,CIN,3,4,35,11.7,17,2,1,0,0,12/21
Hunter Henry,NE,6,7,35,5.8,13,3,1,0,0,12/21
Dalton Schultz,HOU,5,5,35,7,10,2,1,0,0,12/21
Harold Fannin Jr.,CLE,4,6,34,8.5,13,2,1,0,0,12/21
Davis Allen,LAR,2,5,34,17,27,1,0,0,0,12/21
Khalil Shakir,BUF,4,5,34,8.5,18,1,0,0,0,12/21
Stone Smartt,NYJ,5,5,34,6.8,17,1,0,0,0,12/21
Austin Hooper,NE,2,4,34,17,26,1,0,0,0,12/21
Terrance Ferguson,LAR,3,4,33,11,27,2,1,0,0,12/21
Olamide Zaccheaus,CHI,2,5,33,16.5,27,1,0,0,0,12/21
Brock Bowers,LV,5,5,33,6.6,13,2,1,0,0,12/21
Jonathan Taylor,IND,3,3,33,11,19,1,0,0,0,12/21
Dallas Goedert,PHI,3,3,32,10.7,15,1,1,0,0,12/21
Theo Wease Jr.,MIA,2,4,32,16,18,2,0,0,0,12/21
Michael Pittman Jr.,IND,4,5,32,8,14,1,0,0,0,12/21
Drew Sample,CIN,2,2,31,15.5,27,1,0,0,0,12/21
Mike Evans,TB,5,9,31,6.2,12,2,1,0,0,12/21
Treylon Burks,WAS,2,5,30,15,24,1,0,0,0,12/21
Colston Loveland,CHI,3,4,30,10,14,2,0,0,0,12/21
Chris Godwin Jr.,TB,5,6,30,6,13,3,0,0,0,12/21
Tyler Warren,IND,3,9,30,10,19,1,0,0,0,12/21
Quinshon Judkins,CLE,5,6,29,5.8,16,2,0,0,0,12/21
Mason Tipton,NO,4,5,29,7.3,12,2,0,0,0,12/21
Christian McCaffrey,SF,6,8,29,4.8,10,3,2,0,0,12/21
Will Dissly,LAC,3,3,28,9.3,15,2,0,0,0,12/21
Drake London,ATL,3,8,27,9,12,2,0,0,0,12/21
Trey McBride,ARI,4,8,27,6.8,10,1,0,0,0,12/21
Rhamondre Stevenson,NE,2,3,27,13.5,23,1,0,0,0,12/21
Kendrick Bourne,SF,3,5,27,9,14,2,0,0,0,12/21
Jackson Hawes,BUF,2,2,26,13,18,1,0,0,0,12/21
Marvin Mims Jr.,DEN,3,3,26,8.7,26,1,0,0,0,12/21
Jordan Addison,MIN,2,3,26,13,20,1,0,0,0,12/21
Isaiah Williams,NYJ,4,4,25,6.3,12,1,0,0,0,12/21
Van Jefferson,TEN,2,2,24,12,15,1,0,0,0,12/21
Darnell Mooney,ATL,2,2,24,12,17,1,0,0,0,12/21
Malik Washington,MIA,1,1,23,23,23,1,0,0,0,12/21
Mitchell Evans,CAR,3,3,23,7.7,10,1,0,0,0,12/21
Demarcus Robinson,SF,2,2,23,11.5,22,1,1,0,0,12/21
Skyy Moore,SF,1,1,23,23,23,1,0,0,0,12/21
Zach Charbonnet,SEA,4,4,22,5.5,13,1,0,0,0,12/21
Hollywood Brown,KC,3,3,22,7.3,18,1,0,0,0,12/21
Colby Parkinson,LAR,2,4,21,10.5,16,0,0,0,0,12/21
Jahdae Walker,CHI,2,3,21,10.5,15,2,1,0,0,12/21
Tyrell Shavers,BUF,1,2,21,21,21,1,0,0,0,12/21
Andrei Iosivas,CIN,1,1,21,21,21,1,0,0,0,12/21
Mark Andrews,BAL,2,3,21,10.5,18,1,0,0,0,12/21
Ray Davis,BUF,2,2,20,10,14,1,0,0,0,12/21
Shane Zylstra,DET,3,5,20,6.7,11,1,0,0,0,12/21
Pat Freiermuth,PIT,4,4,20,5,11,1,0,0,0,12/21
Jordan Whittington,LAR,1,1,19,19,19,1,0,0,0,12/21
Jake Ferguson,DAL,3,4,19,6.3,8,2,0,0,0,12/21
Scotty Miller,PIT,3,3,19,6.3,9,2,0,0,0,12/21
Josh Oliver,MIN,2,3,19,9.5,12,1,0,0,0,12/21
Wan'Dale Robinson,NYG,3,6,19,6.3,14,0,0,0,0,12/21
Xavier Weaver,ARI,2,2,19,9.5,13,1,0,0,0,12/21
Ryan Flournoy,DAL,2,2,18,9,13,2,1,0,0,12/21
Brian Thomas Jr.,JAX,2,3,18,9,9,1,0,0,0,12/21
Jaylen Wright,MIA,1,2,18,18,18,1,0,0,0,12/21
Kevin Austin Jr.,NO,2,3,18,9,15,1,0,0,0,12/21
Charlie Kolar,BAL,1,1,18,18,18,1,0,0,0,12/21
Christian Watson,GB,2,6,17,8.5,10,2,0,0,0,12/21
James Cook III,BUF,1,2,17,17,17,1,0,0,0,12/21
Audric Estime,NO,3,4,17,5.7,12,1,0,0,0,12/21
Jawhar Jordan,HOU,5,5,17,3.4,9,1,0,0,0,12/21
Jayden Higgins,HOU,1,3,17,17,17,1,0,0,0,12/21
Travis Etienne Jr.,JAX,4,5,16,4,10,1,1,0,0,12/21
Kayshon Boutte,NE,1,3,16,16,16,1,0,0,0,12/21
Samaje Perine,CIN,2,3,16,8,8,1,0,0,0,12/21
Mo Alie-Cox,IND,2,2,16,8,8,0,0,0,0,12/21
Kyren Williams,LAR,3,6,15,5,6,0,0,0,0,12/21
Rachaad White,TB,2,2,15,7.5,13,1,0,0,0,12/21
Cade Otton,TB,2,2,15,7.5,9,1,0,0,0,12/21
Jalen McMillan,TB,2,3,15,7.5,10,1,0,0,0,12/21
Cole Kmet,CHI,2,3,14,7,11,1,0,0,0,12/21
KaVontae Turpin,DAL,2,4,14,7,7,0,0,0,0,12/21
Hunter Luepke,DAL,1,2,14,14,14,1,0,0,0,12/21
Adam Trautman,DEN,2,3,14,7,8,0,0,0,0,12/21
Jeremy Ruckert,NYJ,2,3,14,7,10,0,0,0,0,12/21
Marvin Harrison Jr.,ARI,1,3,14,14,14,1,0,0,0,12/21
Rico Dowdle,CAR,4,6,14,3.5,8,0,0,0,0,12/21
Blake Corum,LAR,1,2,13,13,13,1,0,0,0,12/21
Jahan Dotson,PHI,3,3,13,4.3,6,1,0,0,0,12/21
Josh Jacobs,GB,2,2,12,6,8,0,0,1,1,12/21
D'Andre Swift,CHI,2,2,12,6,8,0,0,0,0,12/21
Dontayvion Wicks,GB,2,2,12,6,6,1,0,0,0,12/21
Jerry Jeudy,CLE,3,4,12,4,7,0,0,0,0,12/21
JuJu Smith-Schuster,KC,1,4,12,12,12,1,0,0,0,12/21
Xavier Legette,CAR,1,3,12,12,12,1,0,0,0,12/21
Malachi Corley,CLE,2,4,11,5.5,11,2,0,0,0,12/21
Tim Patrick,JAX,1,1,11,11,11,1,0,0,0,12/21
Cedrick Wilson Jr.,MIA,1,1,11,11,11,1,0,0,0,12/21
Drew Ogletree,IND,1,2,11,11,11,1,0,0,0,12/21
Michael Mayer,LV,1,3,10,10,10,1,0,1,0,12/21
Dawson Knox,BUF,1,2,10,10,10,1,0,0,0,12/21
Omarion Hampton,LAC,1,2,10,10,10,0,0,0,0,12/21
KeAndre Lambert-Smith,LAC,1,1,10,10,10,1,0,0,0,12/21
Alec Ingold,MIA,1,1,9,9,9,1,0,0,0,12/21
Jeremy McNichols,WAS,2,3,9,4.5,6,1,0,0,0,12/21
Javonte Williams,DAL,2,3,9,4.5,5,0,0,0,0,12/21
Lil'Jordan Humphrey,DEN,1,2,9,9,9,1,0,0,0,12/21
Gunnar Helm,TEN,2,3,9,4.5,7,0,0,0,0,12/21
De'Von Achane,MIA,3,3,9,3,5,0,0,0,0,12/21
Breece Hall,NYJ,2,3,9,4.5,10,1,0,0,0,12/21
Ja'Tavion Sanders,CAR,2,2,9,4.5,6,1,1,0,0,12/21
TreVeyon Henderson,NE,1,1,9,9,9,0,0,0,0,12/21
Nick Chubb,HOU,1,1,9,9,9,0,0,0,0,12/21
Zavier Scott,MIN,1,1,8,8,8,1,0,0,0,12/21
Cedric Tillman,CLE,1,1,8,8,8,0,0,0,0,12/21
Calvin Austin III,PIT,1,1,8,8,8,1,0,0,0,12/21
Jaylen Warren,PIT,2,2,8,4,6,0,0,0,0,12/21
Aaron Jones Sr.,MIN,2,3,8,4,7,0,0,0,0,12/21
Darius Slayton,NYG,1,2,8,8,8,1,0,0,0,12/21
Jake Tonges,SF,1,2,7,7,7,1,0,0,0,12/21
Oronde Gadsden,LAC,1,1,7,7,7,0,0,0,0,12/21
Tyler Johnson,NYJ,1,1,7,7,7,0,0,0,0,12/21
Tyrone Tracy Jr.,NYG,2,2,7,3.5,4,0,0,0,0,12/21
Chuba Hubbard,CAR,1,1,7,7,7,0,0,0,0,12/21
Cade Stover,HOU,2,3,7,3.5,5,1,0,0,0,12/21
Chris Rodriguez Jr.,WAS,1,1,6,6,6,0,0,0,0,12/21
Marquez Valdes-Scantling,PIT,1,3,6,6,6,1,0,0,0,12/21
Puka Nacua,LAR,9,11,181,20.1,39,8,0,0,0,12/14
Kyle Pitts Sr.,ATL,11,12,166,15.1,36,8,3,0,0,12/14
Amon-Ra St. Brown,DET,13,18,164,12.6,52,9,2,0,0,12/14
Jameson Williams,DET,7,10,134,19.1,31,6,1,0,0,12/14
Trey McBride,ARI,12,13,134,11.2,21,8,2,0,0,12/14
Mike Evans,TB,6,12,132,22,45,6,0,0,0,12/14
Ja'Marr Chase,CIN,10,16,132,13.2,34,5,0,0,0,12/14
Courtland Sutton,DEN,7,10,113,16.1,42,5,1,0,0,12/14
Jaxon Smith-Njigba,SEA,7,9,113,16.1,39,3,0,0,0,12/14
CeeDee Lamb,DAL,6,10,111,18.5,30,4,0,0,0,12/14
Ricky Pearsall,SF,6,7,96,16,38,5,0,0,0,12/14
Isaiah Bond,CLE,2,4,89,44.5,47,2,0,0,0,12/14
George Kittle,SF,8,9,88,11,24,5,1,0,0,12/14
Troy Franklin,DEN,6,6,85,14.2,23,4,1,0,0,12/14
Chris Olave,NO,6,9,85,14.2,18,5,1,0,0,12/14
Nico Collins,HOU,3,4,85,28.3,57,3,2,0,0,12/14
Luther Burden III,CHI,6,7,84,14,40,2,0,0,0,12/14
Bijan Robinson,ATL,8,11,82,10.3,21,4,0,1,1,12/14
David Sills V,ATL,6,10,78,13,21,4,0,0,0,12/14
Dalton Schultz,HOU,8,9,76,9.5,16,5,1,0,0,12/14
Colby Parkinson,LAR,5,7,75,15,26,5,2,0,0,12/14
Rashid Shaheed,SEA,5,7,74,14.8,27,3,0,0,0,12/14
Travis Etienne Jr.,JAX,3,4,73,24.3,45,3,3,0,0,12/14
Theo Johnson,NYG,3,4,72,24,42,2,0,0,0,12/14
Davante Adams,LAR,4,9,71,17.8,21,4,0,0,0,12/14
Jakobi Meyers,JAX,5,7,71,14.2,21,5,0,0,0,12/14
Travis Kelce,KC,7,9,70,10,17,5,0,0,0,12/14
Dallas Goedert,PHI,6,7,70,11.7,32,5,2,0,0,12/14
DJ Moore,CHI,4,5,69,17.3,25,4,2,0,0,12/14
Devaughn Vele,NO,5,6,69,13.8,17,4,0,0,0,12/14
Terry McLaurin,WAS,3,4,69,23,51,3,1,0,0,12/14
Zay Flowers,BAL,3,5,68,22.7,28,3,1,0,0,12/14
De'Von Achane,MIA,6,6,67,11.2,24,4,0,0,0,12/14
T.J. Hockenson,MIN,4,5,66,16.5,29,3,0,0,0,12/14
Jordan Addison,MIN,2,2,66,33,58,1,0,0,0,12/14
Brian Thomas Jr.,JAX,4,7,66,16.5,39,3,1,0,0,12/14
Darren Waller,MIA,7,8,66,9.4,20,5,2,0,0,12/14
Khalil Shakir,BUF,5,5,65,13,37,2,0,0,0,12/14
Emeka Egbuka,TB,4,7,64,16,23,4,0,0,0,12/14
Colston Loveland,CHI,4,5,63,15.8,24,4,0,0,0,12/14
Oronde Gadsden,LAC,4,5,61,15.3,27,4,0,0,0,12/14
Jalen Coker,CAR,4,4,60,15,32,3,1,1,1,12/14
Adonai Mitchell,NYJ,6,9,58,9.7,21,4,1,0,0,12/14
Matthew Golden,GB,3,4,55,18.3,27,3,0,0,0,12/14
Jayden Reed,GB,5,6,55,11,29,2,0,0,0,12/14
DK Metcalf,PIT,3,3,55,18.3,28,2,1,0,0,12/14
Wan'Dale Robinson,NYG,5,10,54,10.8,17,3,1,0,0,12/14
Michael Wilson,ARI,5,11,54,10.8,17,3,1,0,0,12/14
Darius Slayton,NYG,4,10,53,13.3,19,3,0,0,0,12/14
Isaiah Williams,NYJ,6,7,53,8.8,25,4,0,0,0,12/14
Parker Washington,JAX,3,3,53,17.7,33,2,0,0,0,12/14
Luke Musgrave,GB,4,6,52,13,26,2,0,0,0,12/14
Rashee Rice,KC,7,11,51,7.3,11,1,0,0,0,12/14
DeVonta Smith,PHI,2,2,50,25,44,2,0,0,0,12/14
Tre' Harris,LAC,3,5,49,16.3,37,1,0,0,0,12/14
Gunnar Helm,TEN,4,4,49,12.3,34,2,1,0,0,12/14
Harold Fannin Jr.,CLE,7,14,48,6.9,13,2,0,0,0,12/14
Jalen Nailor,MIN,3,5,47,15.7,23,3,2,0,0,12/14
Tyquan Thornton,KC,2,3,47,23.5,26,1,0,0,0,12/14
Cooper Kupp,SEA,5,7,46,9.2,16,1,0,0,0,12/14
Greg Dulcich,MIA,2,2,46,23,29,2,0,0,0,12/14
Kenneth Gainwell,PIT,7,7,46,6.6,10,3,0,0,0,12/14
Pat Freiermuth,PIT,3,5,45,15,22,2,0,0,0,12/14
Deebo Samuel,WAS,3,5,43,14.3,18,3,0,0,0,12/14
Van Jefferson,TEN,1,5,43,43,43,1,0,0,0,12/14
Lil'Jordan Humphrey,DEN,3,4,42,14,22,3,1,0,0,12/14
Mack Hollins,NE,4,8,41,10.3,18,2,0,1,0,12/14
A.J. Brown,PHI,2,2,41,20.5,27,2,1,0,0,12/14
Ryan Flournoy,DAL,4,5,40,10,19,3,0,0,0,12/14
Audric Estime,NO,3,3,39,13,19,1,0,0,0,12/14
Xavier Legette,CAR,2,3,39,19.5,34,1,0,0,0,12/14
Jalen McMillan,TB,2,2,38,19,19,2,0,0,0,12/14
Michael Carter,ARI,4,4,38,9.5,14,2,0,0,0,12/14
Chase Brown,CIN,7,7,37,5.3,9,2,0,0,0,12/14
Dawson Knox,BUF,3,4,37,12.3,19,3,2,0,0,12/14
Jauan Jennings,SF,3,5,37,12.3,20,3,2,0,0,12/14
Keenan Allen,LAC,5,7,36,7.2,12,2,0,1,0,12/14
Romeo Doubs,GB,2,3,36,18,26,2,0,0,0,12/14
Ben Sinnott,WAS,1,1,36,36,36,1,0,0,0,12/14
Demarcus Robinson,SF,2,2,36,18,30,2,0,0,0,12/14
Darnell Mooney,ATL,3,6,35,11.7,16,3,0,1,0,12/14
Xavier Worthy,KC,2,4,35,17.5,26,1,0,0,0,12/14
Daniel Bellinger,NYG,3,4,35,11.7,13,3,0,0,0,12/14
Dalton Kincaid,BUF,3,4,34,11.3,24,1,0,0,0,12/14
George Pickens,DAL,3,6,33,11,17,2,0,0,0,12/14
Kevin Austin Jr.,NO,3,5,33,11,18,2,0,0,0,12/14
Chig Okonkwo,TEN,4,6,33,8.3,17,2,0,0,0,12/14
Ameer Abdullah,IND,5,5,32,6.4,14,2,0,0,0,12/14
Dare Ogunbowale,HOU,3,4,32,10.7,18,2,0,0,0,12/14
DeAndre Hopkins,BAL,1,1,32,32,32,1,0,0,0,12/14
Rasheen Ali,BAL,2,2,32,16,30,1,1,0,0,12/14
Aaron Jones Sr.,MIN,3,3,31,10.3,18,1,0,0,0,12/14
Kayshon Boutte,NE,1,1,30,30,30,1,0,0,0,12/14
Juwan Johnson,NO,4,4,30,7.5,12,2,0,0,0,12/14
Christian Watson,GB,3,5,29,9.7,19,1,0,0,0,12/14
Luke Schoonmaker,DAL,1,1,29,29,29,1,0,0,0,12/14
Marvin Mims Jr.,DEN,4,6,29,7.3,11,2,0,0,0,12/14
Darius Cooper,PHI,2,2,29,14.5,16,2,0,0,0,12/14
Brock Bowers,LV,6,8,28,4.7,10,3,0,0,0,12/14
Cole Kmet,CHI,2,4,28,14,17,2,0,0,0,12/14
Noah Brown,WAS,1,1,28,28,28,1,0,0,0,12/14
Rhamondre Stevenson,NE,3,3,27,9,16,1,0,0,0,12/14
Tyrone Tracy Jr.,NYG,3,4,27,9,18,1,1,0,0,12/14
AJ Barner,SEA,3,6,27,9,15,2,0,0,0,12/14
Jaylen Waddle,MIA,2,4,26,13,16,2,0,0,0,12/14
Stefon Diggs,NE,3,4,26,8.7,16,1,0,0,0,12/14
Michael Pittman Jr.,IND,3,5,26,8.7,12,2,0,0,0,12/14
Brenton Strange,JAX,1,3,26,26,26,1,0,0,0,12/14
Julian Hill,MIA,2,2,25,12.5,20,2,0,0,0,12/14
Jonathan Mingo,DAL,1,1,25,25,25,1,0,0,0,12/14
Tetairoa McMillan,CAR,2,4,25,12.5,21,1,0,0,0,12/14
John Metchie III,NYJ,4,5,25,6.3,10,2,0,0,0,12/14
Darnell Washington,PIT,3,4,25,8.3,13,1,0,0,0,12/14
Jerry Jeudy,CLE,2,4,22,11,14,2,0,0,0,12/14
Justin Jefferson,MIN,2,8,22,11,12,2,0,0,0,12/14
Cade Stover,HOU,3,3,22,7.3,8,1,0,0,0,12/14
Chris Godwin Jr.,TB,4,5,20,5,8,2,1,0,0,12/14
Michael Bandy,DEN,1,1,20,20,20,1,1,0,0,12/14
Ladd McConkey,LAC,2,3,20,10,13,0,0,0,0,12/14
Kalif Raymond,DET,1,1,20,20,20,1,0,0,0,12/14
Jahmyr Gibbs,DET,4,7,20,5,15,1,0,0,0,12/14
Quintin Morris,JAX,2,2,20,10,13,1,0,0,0,12/14
Jalen Brooks,ARI,1,3,19,19,19,1,0,1,1,12/14
Josh Jacobs,GB,2,3,19,9.5,14,1,1,0,0,12/14
John Bates,WAS,1,1,19,19,19,1,0,0,0,12/14
Tyler Warren,IND,3,6,19,6.3,17,1,0,0,0,12/14
Marquez Valdes-Scantling,PIT,1,1,19,19,19,1,1,0,0,12/14
Josh Oliver,MIN,1,1,18,18,18,1,0,0,0,12/14
Mark Andrews,BAL,2,3,18,9,14,1,0,0,0,12/14
John FitzPatrick,GB,3,4,18,6,6,1,0,0,0,12/14
Hunter Henry,NE,1,3,18,18,18,1,0,0,0,12/14
Jack Bech,LV,2,3,17,8.5,10,0,0,0,0,12/14
Chimere Dike,TEN,4,5,17,4.3,8,0,0,0,0,12/14
Elic Ayomanor,TEN,1,1,17,17,17,1,0,0,0,12/14
Kendrick Bourne,SF,2,3,17,8.5,11,1,0,0,0,12/14
Jawhar Jordan,HOU,2,2,17,8.5,14,1,0,0,0,12/14
Jeremy McNichols,WAS,1,1,16,16,16,1,0,1,1,12/14
Tanner Hudson,CIN,3,5,16,5.3,8,1,0,0,0,12/14
Mitch Tinsley,CIN,1,2,16,16,16,1,0,0,0,12/14
Jake Ferguson,DAL,2,4,16,8,9,0,0,0,0,12/14
Malik Davis,DAL,2,3,16,8,10,0,0,0,0,12/14
KeAndre Lambert-Smith,LAC,1,1,16,16,16,1,1,0,0,12/14
Davis Allen,LAR,3,4,16,5.3,7,2,0,0,0,12/14
Joshua Palmer,BUF,1,2,16,16,16,1,0,0,0,12/14
Alec Pierce,IND,1,1,16,16,16,1,0,0,0,12/14
Bhayshul Tuten,JAX,1,1,16,16,16,1,1,0,0,12/14
Xavier Hutchinson,HOU,1,2,16,16,16,1,0,0,0,12/14
Kimani Vidal,LAC,1,1,15,15,15,1,0,0,0,12/14
Ty Johnson,BUF,3,3,15,5,12,1,0,0,0,12/14
Jaylen Warren,PIT,3,3,15,5,10,1,0,0,0,12/14
Christian McCaffrey,SF,1,1,14,14,14,1,0,0,0,12/14
Hunter Luepke,DAL,2,2,14,7,11,1,0,0,0,12/14
Saquon Barkley,PHI,2,3,14,7,8,0,0,0,0,12/14
Jonathan Taylor,IND,3,4,14,4.7,7,1,0,0,0,12/14
Breece Hall,NYJ,2,2,14,7,9,0,0,0,0,12/14
Ray Davis,BUF,1,1,13,13,13,1,0,0,0,12/14
TreVeyon Henderson,NE,2,3,13,6.5,7,0,0,0,0,12/14
Tommy Tremble,CAR,2,4,13,6.5,8,1,0,0,0,12/14
Josh Downs,IND,3,5,13,4.3,8,1,1,0,0,12/14
Jeremy Ruckert,NYJ,2,2,13,6.5,10,1,0,0,0,12/14
Charlie Woerner,ATL,2,2,12,6,8,0,0,0,0,12/14
Drew Sample,CIN,2,2,12,6,7,0,0,0,0,12/14
Evan Engram,DEN,1,3,12,12,12,0,0,0,0,12/14
Jonnu Smith,PIT,2,2,12,6,10,1,0,0,0,12/14
Bucky Irving,TB,1,3,11,11,11,1,0,0,0,12/14
Mike Gesicki,CIN,1,2,11,11,11,1,0,0,0,12/14
Malachi Corley,CLE,1,1,10,10,10,1,0,0,0,12/14
KaVontae Turpin,DAL,2,2,10,5,9,0,0,0,0,12/14
Kyren Williams,LAR,1,1,10,10,10,1,0,0,0,12/14
Tyler Lockett,LV,2,4,10,5,7,1,0,0,0,12/14
Malik Washington,MIA,1,1,10,10,10,0,0,0,0,12/14
Eric Saubert,SEA,1,1,9,9,9,0,0,0,0,12/14
Scott Matlock,LAC,2,2,9,4.5,5,0,0,0,0,12/14
Tutu Atwell,LAR,1,2,9,9,9,0,0,0,0,12/14
Jackson Hawes,BUF,1,1,9,9,9,1,0,0,0,12/14
Chuba Hubbard,CAR,1,1,9,9,9,1,0,0,0,12/14
Jaylen Wright,MIA,1,1,9,9,9,0,0,0,0,12/14
Kareem Hunt,KC,1,2,8,8,8,1,0,0,0,12/14
Woody Marks,HOU,1,1,8,8,8,0,0,0,0,12/14
Gage Larvadain,CLE,1,2,8,8,8,0,0,0,0,12/14
Tony Pollard,TEN,1,2,8,8,8,1,0,0,0,12/14
Jack Stoll,NO,1,1,7,7,7,0,0,0,0,12/14
Jimmy Horn Jr.,CAR,1,1,7,7,7,0,0,0,0,12/14
Ashton Jeanty,LV,4,6,7,1.8,6,0,0,0,0,12/14
Kyle Juszczyk,SF,1,1,7,7,7,1,0,0,0,12/14
Isaiah Davis,NYJ,1,1,7,7,7,0,0,0,0,12/14
Adam Thielen,PIT,1,1,7,7,7,0,0,0,0,12/14
Dontayvion Wicks,GB,1,2,6,6,6,0,0,0,0,12/14
Chris Brooks,GB,1,2,6,6,6,0,0,0,0,12/14
Rachaad White,TB,1,1,6,6,6,0,0,0,0,12/14
Devin Culp,TB,1,1,6,6,6,1,1,0,0,12/14
Terrance Ferguson,LAR,1,2,6,6,6,0,0,0,0,12/14
Allen Lazard,NYJ,1,2,6,6,6,0,0,0,0,12/14
Mason Tipton,NO,1,2,5,5,5,0,0,1,0,12/14
Rico Dowdle,CAR,1,1,5,5,5,0,0,0,0,12/14
Ja'Tavion Sanders,CAR,2,2,5,2.5,6,0,0,0,0,12/14
LeQuint Allen Jr.,JAX,1,1,5,5,5,0,0,0,0,12/14
Omarion Hampton,LAC,1,1,4,4,4,0,0,0,0,12/14
Trayveon Williams,CLE,2,2,4,2,6,0,0,0,0,12/14
James Cook III,BUF,2,3,4,2,5,1,1,0,0,12/14
Puka Nacua,LAR,7,11,167,23.9,32,7,2,0,0,12/7
DK Metcalf,PIT,7,12,148,21.1,52,3,0,0,0,12/7
Michael Wilson,ARI,11,16,142,12.9,25,9,2,0,0,12/7
Zay Flowers,BAL,8,11,124,15.5,35,4,0,0,0,12/7
CeeDee Lamb,DAL,6,8,121,20.2,37,4,0,0,0,12/7
Nico Collins,HOU,4,8,121,30.3,53,3,0,0,0,12/7
Ryan Flournoy,DAL,9,13,115,12.8,42,6,1,0,0,12/7
Harold Fannin Jr.,CLE,8,11,114,14.3,35,5,1,0,0,12/7
A.J. Brown,PHI,6,13,100,16.7,26,5,0,0,0,12/7
Jameson Williams,DET,7,9,96,13.7,29,3,0,0,0,12/7
Dawson Knox,BUF,6,7,93,15.5,32,4,0,0,0,12/7
Jaxon Smith-Njigba,SEA,7,10,92,13.1,30,4,2,1,0,12/7
Amon-Ra St. Brown,DET,6,9,92,15.3,37,2,0,0,0,12/7
Tee Higgins,CIN,6,11,92,15.3,25,5,2,0,0,12/7
Kyle Pitts Sr.,ATL,6,10,90,15,30,3,0,0,0,12/7
Christian Watson,GB,4,4,89,22.3,41,3,2,0,0,12/7
Brian Thomas Jr.,JAX,3,6,87,29,39,3,0,0,0,12/7
Mike Gesicki,CIN,6,6,86,14.3,37,5,1,0,0,12/7
Alec Pierce,IND,5,8,80,16,29,4,0,0,0,12/7
Michael Pittman Jr.,IND,9,12,79,8.8,24,5,0,0,0,12/7
Dallas Goedert,PHI,8,10,78,9.8,16,5,0,0,0,12/7
Tim Patrick,JAX,5,6,78,15.6,37,3,1,0,0,12/7
Jahmyr Gibbs,DET,7,7,77,11,26,3,0,0,0,12/7
Jerry Jeudy,CLE,3,5,76,25.3,60,2,1,0,0,12/7
Rashid Shaheed,SEA,4,5,67,16.8,33,3,0,0,0,12/7
Luther Burden III,CHI,4,6,67,16.8,27,4,0,0,0,12/7
Dylan Sampson,CLE,5,6,64,12.8,31,1,0,1,1,12/7
Courtland Sutton,DEN,6,10,62,10.3,14,4,0,0,0,12/7
Jordan Addison,MIN,4,7,62,15.5,21,4,0,0,0,12/7
Kimani Vidal,LAC,1,3,60,60,60,1,0,0,0,12/7
Jake Ferguson,DAL,5,7,58,11.6,19,2,0,1,1,12/7
Quinshon Judkins,CLE,1,3,58,58,58,1,0,0,0,12/7
Trey McBride,ARI,5,9,58,11.6,27,2,0,0,0,12/7
Xavier Worthy,KC,3,4,55,18.3,23,3,0,0,0,12/7
Chris Godwin Jr.,TB,5,8,55,11,21,3,0,0,0,12/7
Mason Taylor,NYJ,5,8,51,10.2,15,3,0,0,0,12/7
Jack Bech,LV,6,6,50,8.3,17,2,0,0,0,12/7
Jaylen Waddle,MIA,5,7,50,10,24,4,1,0,0,12/7
Jaylen Warren,PIT,3,3,49,16.3,38,1,1,0,0,12/7
Brock Bowers,LV,4,5,46,11.5,15,3,1,0,0,12/7
Bo Melton,GB,1,2,45,45,45,1,1,0,0,12/7
Ja'Marr Chase,CIN,5,8,44,8.8,16,3,0,0,0,12/7
Cole Kmet,CHI,2,3,42,21,26,2,0,0,0,12/7
Terry McLaurin,WAS,3,6,41,13.7,28,2,0,0,0,12/7
Dalton Kincaid,BUF,4,5,41,10.3,20,3,1,0,0,12/7
Tyler Lockett,LV,3,4,41,13.7,26,1,0,0,0,12/7
Greg Dulcich,MIA,3,3,41,13.7,23,2,0,0,0,12/7
Devaughn Vele,NO,3,5,40,13.3,16,3,0,0,0,12/7
Jakobi Meyers,JAX,4,10,39,9.8,14,3,1,0,0,12/7
Juwan Johnson,NO,4,4,38,9.5,12,2,0,0,0,12/7
George Pickens,DAL,5,9,37,7.4,11,2,0,1,0,12/7
DeVonta Smith,PHI,4,8,37,9.3,28,1,0,0,0,12/7
Hollywood Brown,KC,1,2,35,35,35,1,0,0,0,12/7
Cooper Kupp,SEA,2,3,35,17.5,24,2,1,0,0,12/7
Rashee Rice,KC,4,8,34,8.5,15,1,0,0,0,12/7
Jayden Higgins,HOU,3,5,34,11.3,17,2,0,0,0,12/7
John Metchie III,NYJ,4,8,34,8.5,18,1,0,0,0,12/7
Tyler Allgeier,ATL,2,2,33,16.5,21,1,0,0,0,12/7
Jalen Brooks,ARI,2,3,32,16,20,2,0,0,0,12/7
Pat Bryant,DEN,4,4,32,8,13,3,0,0,0,12/7
Colby Parkinson,LAR,3,5,32,10.7,14,2,1,0,0,12/7
James Cook III,BUF,2,2,31,15.5,27,1,0,2,1,12/7
Jayden Reed,GB,4,4,31,7.8,18,2,0,0,0,12/7
Calvin Austin III,PIT,1,2,31,31,31,1,0,0,0,12/7
Jalen Nailor,MIN,3,3,30,10,12,2,0,0,0,12/7
Chris Olave,NO,3,5,30,10,12,2,0,0,0,12/7
Colston Loveland,CHI,4,5,29,7.3,11,3,1,0,0,12/7
Davante Adams,LAR,4,6,29,7.3,10,3,0,0,0,12/7
Tyjae Spears,TEN,2,4,28,14,24,1,0,0,0,12/7
Deebo Samuel,WAS,4,6,27,6.8,15,2,0,0,0,12/7
Brenton Strange,JAX,3,6,27,9,16,1,0,0,0,12/7
AJ Barner,SEA,3,4,27,9,15,1,0,0,0,12/7
Lil'Jordan Humphrey,DEN,3,3,27,9,15,2,0,0,0,12/7
Kenneth Gainwell,PIT,6,7,27,4.5,9,1,0,0,0,12/7
KaVontae Turpin,DAL,2,2,26,13,21,2,0,0,0,12/7
Bucky Irving,TB,2,3,26,13,24,1,1,0,0,12/7
RJ Harvey,DEN,6,6,25,4.2,9,2,0,0,0,12/7
Shedrick Jackson,LV,1,1,25,25,25,1,1,0,0,12/7
Isaiah Likely,BAL,4,6,25,6.3,8,2,1,0,0,12/7
Chimere Dike,TEN,5,8,24,4.8,19,2,1,0,0,12/7
Devin Duvernay,CHI,1,1,24,24,24,1,0,0,0,12/7
Tre Tucker,LV,2,5,24,12,13,2,0,0,0,12/7
Josh Oliver,MIN,2,2,24,12,18,2,2,0,0,12/7
Adonai Mitchell,NYJ,1,6,24,24,24,1,0,0,0,12/7
Isaiah Williams,NYJ,2,3,24,12,15,1,0,0,0,12/7
Cedric Tillman,CLE,1,3,23,23,23,1,0,0,0,12/7
Josh Downs,IND,4,5,23,5.8,12,2,0,0,0,12/7
Rashod Bateman,BAL,2,3,23,11.5,18,2,0,0,0,12/7
Keenan Allen,LAC,3,3,22,7.3,10,1,0,0,0,12/7
Luke Musgrave,GB,2,4,22,11,12,2,0,0,0,12/7
Dalton Schultz,HOU,3,4,22,7.3,14,1,0,0,0,12/7
Dylan Drummond,ATL,3,5,21,7,15,1,0,0,0,12/7
Gabe Davis,BUF,2,2,21,10.5,17,1,0,0,0,12/7
Josh Whyle,GB,1,1,21,21,21,1,0,0,0,12/7
Davis Allen,LAR,2,2,21,10.5,12,1,0,0,0,12/7
Zach Charbonnet,SEA,2,3,20,10,15,1,0,0,0,12/7
Isaac TeSlaa,DET,2,3,20,10,12,1,1,0,0,12/7
Chig Okonkwo,TEN,2,2,20,10,11,1,0,0,0,12/7
Cade Otton,TB,3,4,19,6.3,9,0,0,0,0,12/7
D'Andre Swift,CHI,3,4,19,6.3,10,1,0,0,0,12/7
Tyquan Thornton,KC,2,3,19,9.5,12,2,0,0,0,12/7
Noah Brown,WAS,1,2,19,19,19,1,0,0,0,12/7
Jeremy Ruckert,NYJ,2,3,19,9.5,14,1,0,0,0,12/7
Charlie Kolar,BAL,1,1,19,19,19,1,0,0,0,12/7
Darius Cooper,PHI,1,1,19,19,19,1,0,0,0,12/7
Gage Larvadain,CLE,2,3,18,9,14,1,0,1,0,12/7
Michael Carter,ARI,2,4,18,9,12,1,0,0,0,12/7
Bam Knight,ARI,3,6,18,6,9,1,0,0,0,12/7
Tre' Harris,LAC,1,2,18,18,18,1,0,0,0,12/7
Andrei Iosivas,CIN,2,3,17,8.5,11,1,0,0,0,12/7
Van Jefferson,TEN,2,4,17,8.5,11,0,0,0,0,12/7
Adam Trautman,DEN,2,2,17,8.5,12,1,0,0,0,12/7
Ian Thomas,LV,2,2,17,8.5,12,2,0,0,0,12/7
Andrew Beck,NYJ,1,1,17,17,17,1,0,0,0,12/7
Khalil Shakir,BUF,2,3,16,8,11,1,1,0,0,12/7
Tyrell Shavers,BUF,1,1,16,16,16,1,0,0,0,12/7
Keon Coleman,BUF,2,3,16,8,8,1,0,0,0,12/7
Foster Moreau,NO,1,1,16,16,16,1,0,0,0,12/7
Noah Fant,CIN,1,2,15,15,15,1,0,0,0,12/7
Emeka Egbuka,TB,2,9,15,7.5,9,0,0,0,0,12/7
Tyler Warren,IND,2,6,15,7.5,13,1,0,0,0,12/7
Devin Neal,NO,1,1,14,14,14,1,0,0,0,12/7
Ty Johnson,BUF,2,3,14,7,7,0,0,0,0,12/7
Elic Ayomanor,TEN,1,3,14,14,14,1,1,0,0,12/7
John FitzPatrick,GB,2,2,14,7,8,0,0,0,0,12/7
Noah Gray,KC,1,3,14,14,14,0,0,0,0,12/7
Ben Skowronek,PIT,1,1,13,13,13,1,0,0,0,12/7
David Montgomery,DET,1,1,13,13,13,0,0,0,0,12/7
Darren Waller,MIA,1,3,13,13,13,1,0,0,0,12/7
De'Von Achane,MIA,1,1,13,13,13,1,0,0,0,12/7
Kyren Williams,LAR,2,2,13,6.5,9,0,0,0,0,12/7
Luke Schoonmaker,DAL,1,2,12,12,12,1,0,0,0,12/7
Chase Brown,CIN,3,4,12,4,10,1,1,0,0,12/7
Jaylin Noel,HOU,2,2,12,6,7,0,0,0,0,12/7
T.J. Hockenson,MIN,2,3,12,6,10,2,1,0,0,12/7
Darnell Washington,PIT,1,1,12,12,12,0,0,0,0,12/7
Ladd McConkey,LAC,1,5,12,12,12,1,0,0,0,12/7
Adam Prentice,DEN,2,2,11,5.5,6,1,0,0,0,12/7
Rasheen Ali,BAL,2,3,11,5.5,6,0,0,0,0,12/7
Omarion Hampton,LAC,2,2,11,5.5,7,1,1,0,0,12/7
Tanner Hudson,CIN,1,1,11,11,11,1,0,0,0,12/7
Troy Franklin,DEN,3,4,11,3.7,6,0,0,0,0,12/7
Justin Jefferson,MIN,2,4,11,5.5,13,1,0,0,0,12/7
Zach Ertz,WAS,1,2,11,11,11,1,0,0,0,12/7
Jerome Ford,CLE,2,3,10,5,9,1,0,0,0,12/7
Tai Felton,MIN,1,1,10,10,10,1,0,0,0,12/7
Malik Washington,MIA,3,4,10,3.3,9,0,0,0,0,12/7
Cody White,SEA,1,1,9,9,9,0,0,0,0,12/7
Jaleel McLaughlin,DEN,1,1,9,9,9,1,0,0,0,12/7
Ben Sims,MIN,1,1,9,9,9,1,0,0,0,12/7
Pat Freiermuth,PIT,2,3,9,4.5,6,0,0,0,0,12/7
Mark Andrews,BAL,1,5,9,9,9,0,0,0,0,12/7
Bijan Robinson,ATL,2,2,8,4,5,1,0,1,1,12/7
Travis Kelce,KC,1,5,8,8,8,0,0,0,0,12/7
Gunnar Helm,TEN,1,2,8,8,8,0,0,0,0,12/7
Woody Marks,HOU,2,3,8,4,9,1,1,0,0,12/7
Evan Engram,DEN,2,2,8,4,6,0,0,0,0,12/7
Ashton Jeanty,LV,2,4,8,4,4,0,0,0,0,12/7
Ben Sinnott,WAS,1,1,8,8,8,0,0,0,0,12/7
Travis Etienne Jr.,JAX,1,1,8,8,8,0,0,0,0,12/7
LeQuint Allen Jr.,JAX,2,2,8,4,5,0,0,0,0,12/7
Derrick Henry,BAL,1,2,8,8,8,0,0,0,0,12/7
Quentin Johnston,LAC,2,3,8,4,8,0,0,0,0,12/7
Brevyn Spann-Ford,DAL,1,1,7,7,7,0,0,0,0,12/7
Oronde Gadsden,LAC,1,4,7,7,7,0,0,0,0,12/7
Anthony Firkser,DET,1,1,7,7,7,1,0,0,0,12/7
Samaje Perine,CIN,1,1,7,7,7,1,0,0,0,12/7
Olamide Zaccheaus,CHI,2,3,7,3.5,6,1,1,0,0,12/7
Chris Brooks,GB,1,1,6,6,6,0,0,0,0,12/7
Darnell Mooney,ATL,1,4,6,6,6,0,0,0,0,12/7
David Martin-Robinson,TEN,1,1,6,6,6,1,0,0,0,12/7
Josh Jacobs,GB,2,2,6,3,6,0,0,0,0,12/7
Christian Kirk,HOU,1,3,6,6,6,0,0,0,0,12/7
Xavier Smith,LAR,1,1,6,6,6,0,0,0,0,12/7
Evan Hull,NO,1,1,6,6,6,0,0,0,0,12/7
JuJu Smith-Schuster,KC,1,2,5,5,5,1,0,0,0,12/7
Zavier Scott,MIN,1,1,5,5,5,0,0,0,0,12/7
Ameer Abdullah,IND,2,2,5,2.5,4,0,0,0,0,12/7
Tyler Badie,DEN,1,1,5,5,5,0,0,0,0,12/7
Marvin Mims Jr.,DEN,1,1,5,5,5,0,0,0,0,12/7
Jordan Whittington,LAR,1,1,5,5,5,0,0,0,0,12/7
Konata Mumpfield,LAR,1,1,5,5,5,0,0,0,0,12/7
Sterling Shepard,TB,1,1,5,5,5,0,0,0,0,12/7
Ross Dwelley,DET,1,1,4,4,4,0,0,0,0,12/7
Deven Thompkins,ATL,1,1,4,4,4,0,0,0,0,12/7
Adam Thielen,PIT,1,1,4,4,4,0,0,0,0,12/7
Will Shipley,PHI,1,1,3,3,3,0,0,0,0,12/7
Jackson Hawes,BUF,1,1,3,3,3,1,1,0,0,12/7
Blake Corum,LAR,1,1,3,3,3,0,0,0,0,12/7
Andre Baccellia,ARI,1,3,3,3,3,0,0,0,0,12/7
Anthony Gould,IND,1,1,3,3,3,0,0,0,0,12/7
Jahan Dotson,PHI,1,3,3,3,3,0,0,0,0,12/7
Durham Smythe,CHI,1,1,2,2,2,0,0,0,0,12/7
Raheem Mostert,LV,1,1,2,2,2,0,0,0,0,12/7
Jeremy McNichols,WAS,1,1,2,2,2,0,0,0,0,12/7
Rachaad White,TB,1,2,2,2,2,0,0,0,0,12/7
David Njoku,CLE,1,1,1,1,1,1,1,0,0,12/7
Will Dissly,LAC,1,1,1,1,1,0,0,0,0,12/7
David Sills V,ATL,0,4,0,-,-,0,0,0,0,12/7
Treylon Burks,WAS,0,1,0,-,-,0,0,0,0,12/7
Jameson Williams,DET,7,10,144,20.6,44,6,1,0,0,11/30
A.J. Brown,PHI,10,12,132,13.2,33,7,2,0,0,11/30
CeeDee Lamb,DAL,7,9,112,16,51,4,1,0,0,11/30
Ja'Marr Chase,CIN,7,14,110,15.7,43,5,0,0,0,11/30
Zach Ertz,WAS,10,13,106,10.6,21,6,0,0,0,11/30
Adonai Mitchell,NYJ,8,12,102,12.8,52,4,1,0,0,11/30
Nico Collins,HOU,5,10,98,19.6,29,5,0,0,0,11/30
Terry McLaurin,WAS,7,14,96,13.7,20,6,1,0,0,11/30
Isaiah Likely,BAL,5,6,95,19,43,1,0,1,1,11/30
Dontayvion Wicks,GB,6,7,94,15.7,30,5,2,0,0,11/30
Devaughn Vele,NO,8,8,93,11.6,15,6,1,0,0,11/30
Rashee Rice,KC,8,12,92,11.5,28,5,2,1,0,11/30
Jakobi Meyers,JAX,6,6,90,15,50,4,1,0,0,11/30
George Pickens,DAL,6,13,88,14.7,39,3,0,1,0,11/30
Kyle Pitts Sr.,ATL,7,8,82,11.7,24,5,0,0,0,11/30
Trey McBride,ARI,8,9,82,10.3,20,3,1,0,0,11/30
Xavier Smith,LAR,3,3,82,27.3,51,2,0,0,0,11/30
Christian Watson,GB,4,10,80,20,51,4,1,0,0,11/30
Evan Engram,DEN,6,9,79,13.2,41,3,0,0,0,11/30
Alec Pierce,IND,4,5,78,19.5,22,4,1,0,0,11/30
Chris Godwin Jr.,TB,3,5,78,26,31,3,0,0,0,11/30
Jalen Coker,CAR,4,6,74,18.5,33,4,1,0,0,11/30
Hunter Henry,NE,4,6,73,18.3,36,4,0,0,0,11/30
Puka Nacua,LAR,6,9,72,12,31,3,0,0,0,11/30
Marvin Harrison Jr.,ARI,6,7,69,11.5,21,4,0,0,0,11/30
George Kittle,SF,4,5,67,16.8,33,3,0,0,0,11/30
Jayden Higgins,HOU,5,5,65,13,19,4,0,0,0,11/30
Deebo Samuel,WAS,5,7,64,12.8,38,3,0,1,0,11/30
Brock Bowers,LV,4,4,63,15.8,27,4,2,0,0,11/30
Courtland Sutton,DEN,5,6,62,12.4,31,3,1,0,0,11/30
Xavier Worthy,KC,4,6,61,15.3,42,1,0,0,0,11/30
T.J. Hockenson,MIN,6,6,59,9.8,29,3,0,0,0,11/30
Davante Adams,LAR,4,5,58,14.5,32,4,2,0,0,11/30
Dalton Schultz,HOU,7,8,55,7.9,14,2,0,0,0,11/30
Bijan Robinson,ATL,5,7,51,10.2,42,1,0,0,0,11/30
DeVonta Smith,PHI,5,8,48,9.6,30,2,0,0,0,11/30
Mark Andrews,BAL,4,6,47,11.8,19,2,0,0,0,11/30
Darren Waller,MIA,2,3,47,23.5,34,1,0,0,0,11/30
Chris Olave,NO,4,7,47,11.8,17,3,1,0,0,11/30
Michael Carter,ARI,5,6,47,9.4,15,2,0,0,0,11/30
Adam Trautman,DEN,3,4,47,15.7,22,3,0,0,0,11/30
Travis Kelce,KC,5,6,45,9,22,2,1,0,0,11/30
Brenton Strange,JAX,3,4,45,15,21,3,1,0,0,11/30
Darnell Washington,PIT,2,4,45,22.5,26,1,0,0,0,11/30
Derrick Henry,BAL,1,1,44,44,44,1,0,0,0,11/30
Josh Downs,IND,2,6,44,22,34,2,0,0,0,11/30
Harold Fannin Jr.,CLE,3,5,43,14.3,34,1,1,1,1,11/30
Tetairoa McMillan,CAR,1,2,43,43,43,1,1,0,0,11/30
Emeka Egbuka,TB,4,8,42,10.5,23,1,0,0,0,11/30
Pat Bryant,DEN,3,7,42,14,21,2,0,0,0,11/30
Chuba Hubbard,CAR,2,2,41,20.5,35,1,1,0,0,11/30
Darius Slayton,NYG,2,3,41,20.5,30,2,1,0,0,11/30
Jaylen Waddle,MIA,3,6,40,13.3,22,3,0,0,0,11/30
Rhamondre Stevenson,NE,3,3,40,13.3,36,1,0,0,0,11/30
Xavier Hutchinson,HOU,2,5,39,19.5,24,2,0,0,0,11/30
Jauan Jennings,SF,4,6,39,9.8,13,4,1,0,0,11/30
Juwan Johnson,NO,5,9,39,7.8,11,2,0,0,0,11/30
Ladd McConkey,LAC,4,6,39,9.8,15,2,1,0,0,11/30
Jake Ferguson,DAL,5,6,36,7.2,11,2,0,0,0,11/30
Jonathan Taylor,IND,3,5,36,12,33,1,0,0,0,11/30
Bam Knight,ARI,3,3,36,12,15,2,1,1,1,11/30
Tom Kennedy,DET,4,4,36,9,23,2,0,0,0,11/30
Cole Kmet,CHI,3,3,36,12,28,1,1,0,0,11/30
Jordan Addison,MIN,5,10,36,7.2,11,2,0,0,0,11/30
Michael Wilson,ARI,3,7,36,12,16,3,0,0,0,11/30
Isaac TeSlaa,DET,2,2,35,17.5,18,2,1,0,0,11/30
Chase Brown,CIN,7,7,35,5,9,1,0,0,0,11/30
Tyler Allgeier,ATL,2,2,35,17.5,31,1,0,0,0,11/30
AJ Barner,SEA,4,5,35,8.8,13,2,0,0,0,11/30
Kayshon Boutte,NE,4,5,35,8.8,13,2,1,0,0,11/30
Ryan Flournoy,DAL,3,3,34,11.3,17,2,0,0,0,11/30
Devin Singletary,NYG,3,3,34,11.3,16,1,0,0,0,11/30
Wan'Dale Robinson,NYG,7,8,34,4.9,8,0,0,0,0,11/30
James Cook III,BUF,3,3,33,11,16,2,0,2,1,11/30
Luther Burden III,CHI,4,6,33,8.3,11,1,0,0,0,11/30
DeMario Douglas,NE,3,3,33,11,15,2,0,0,0,11/30
Kyle Williams,NE,1,1,33,33,33,1,1,0,0,11/30
DK Metcalf,PIT,3,5,32,10.7,14,2,0,0,0,11/30
Malik Washington,MIA,4,5,30,7.5,19,2,0,0,0,11/30
Ashton Jeanty,LV,6,8,30,5,8,0,0,0,0,11/30
Keenan Allen,LAC,4,5,30,7.5,10,3,0,0,0,11/30
Tre' Harris,LAC,3,4,30,10,16,2,0,0,0,11/30
Andrei Iosivas,CIN,1,2,29,29,29,1,1,0,0,11/30
Chig Okonkwo,TEN,4,5,29,7.3,16,1,0,0,0,11/30
Theo Johnson,NYG,3,8,29,9.7,18,1,0,0,0,11/30
KaVontae Turpin,DAL,2,2,28,14,19,2,0,0,0,11/30
Colston Loveland,CHI,3,6,28,9.3,13,2,0,0,0,11/30
Brian Thomas Jr.,JAX,2,3,28,14,17,2,0,0,0,11/30
Dawson Knox,BUF,3,4,28,9.3,16,2,0,0,0,11/30
Dallas Goedert,PHI,2,4,27,13.5,22,1,0,0,0,11/30
Kyle Juszczyk,SF,2,2,27,13.5,23,1,0,0,0,11/30
Oronde Gadsden,LAC,1,2,27,27,27,1,0,0,0,11/30
RJ Harvey,DEN,3,4,27,9,12,2,0,0,0,11/30
Colby Parkinson,LAR,4,5,27,6.8,12,3,0,0,0,11/30
Jerry Jeudy,CLE,3,4,26,8.7,11,1,0,0,0,11/30
Parker Washington,JAX,1,3,26,26,26,1,0,0,0,11/30
Stefon Diggs,NE,3,4,26,8.7,13,2,0,0,0,11/30
DeAndre Hopkins,BAL,2,3,25,12.5,15,1,0,0,0,11/30
Tyjae Spears,TEN,6,6,25,4.2,10,2,0,0,0,11/30
Darnell Mooney,ATL,2,5,25,12.5,16,2,0,0,0,11/30
Kenneth Gainwell,PIT,2,3,25,12.5,17,1,0,0,0,11/30
Cooper Kupp,SEA,3,4,24,8,13,1,0,0,0,11/30
Greg Dulcich,MIA,2,2,24,12,21,1,0,0,0,11/30
Gage Larvadain,CLE,2,3,23,11.5,13,2,0,3,1,11/30
Luke Musgrave,GB,1,1,23,23,23,1,0,0,0,11/30
Gunnar Helm,TEN,6,7,23,3.8,6,0,0,0,0,11/30
Deven Thompkins,ATL,2,2,23,11.5,19,1,0,0,0,11/30
Quentin Johnston,LAC,3,3,23,7.7,10,2,1,0,0,11/30
Jaxon Smith-Njigba,SEA,2,4,23,11.5,17,2,0,0,0,11/30
Mack Hollins,NE,3,4,23,7.7,11,1,0,0,0,11/30
Tyler Warren,IND,3,4,22,7.3,12,1,1,1,0,11/30
Aaron Jones Sr.,MIN,4,4,22,5.5,13,1,0,1,1,11/30
Rachaad White,TB,3,3,22,7.3,11,0,0,0,0,11/30
Kareem Hunt,KC,1,2,22,22,22,1,0,0,0,11/30
Mitch Tinsley,CIN,2,9,22,11,14,1,0,0,0,11/30
Devin Neal,NO,3,3,22,7.3,10,0,0,0,0,11/30
Jack Bech,LV,2,3,22,11,16,2,0,0,0,11/30
Troy Franklin,DEN,2,3,21,10.5,17,1,0,0,0,11/30
Javonte Williams,DAL,3,3,21,7,14,2,1,0,0,11/30
Christian McCaffrey,SF,4,4,21,5.3,12,2,0,0,0,11/30
Mason Taylor,NYJ,2,4,21,10.5,15,2,0,0,0,11/30
Cody White,SEA,1,1,21,21,21,1,0,0,0,11/30
Rico Dowdle,CAR,2,2,21,10.5,13,1,0,0,0,11/30
Romeo Doubs,GB,4,4,20,5,8,1,1,1,0,11/30
Hollywood Brown,KC,2,2,20,10,10,2,1,0,0,11/30
Van Jefferson,TEN,3,4,20,6.7,12,0,0,0,0,11/30
Mason Tipton,NO,3,4,20,6.7,10,1,0,0,0,11/30
Ty Johnson,BUF,3,5,20,6.7,9,2,0,0,0,11/30
Tre Tucker,LV,3,3,20,6.7,9,1,0,0,0,11/30
Bucky Irving,TB,2,2,20,10,20,1,0,0,0,11/30
Mitchell Evans,CAR,3,3,20,6.7,7,1,0,0,0,11/30
Mike Gesicki,CIN,2,4,19,9.5,11,1,0,0,0,11/30
Olamide Zaccheaus,CHI,2,3,19,9.5,10,2,0,0,0,11/30
John Metchie III,NYJ,4,8,19,4.8,7,0,0,0,0,11/30
TreVeyon Henderson,NE,3,4,19,6.3,12,1,0,0,0,11/30
Jahmyr Gibbs,DET,3,4,18,6,7,1,0,0,0,11/30
Quinshon Judkins,CLE,3,3,18,6,13,1,0,0,0,11/30
Isaiah Bond,CLE,1,2,18,18,18,1,0,0,0,11/30
Kenneth Walker III,SEA,3,4,18,6,14,2,0,0,0,11/30
Tyler Badie,DEN,3,5,18,6,13,1,0,0,0,11/30
Charlie Kolar,BAL,1,1,17,17,17,1,0,0,0,11/30
Isiah Pacheco,KC,2,2,17,8.5,11,0,0,0,0,11/30
DJ Moore,CHI,2,5,17,8.5,11,2,0,0,0,11/30
Jerome Ford,CLE,3,3,17,5.7,9,1,0,0,0,11/30
Elijah Higgins,ARI,2,2,17,8.5,9,1,0,0,0,11/30
David Montgomery,DET,2,2,16,8,13,1,0,1,0,11/30
Cade Stover,HOU,2,2,16,8,11,1,0,0,0,11/30
Cedrick Wilson Jr.,MIA,1,2,16,16,16,1,0,0,0,11/30
Samaje Perine,CIN,2,2,15,7.5,9,0,0,1,1,11/30
Xavier Restrepo,TEN,1,1,15,15,15,1,0,0,0,11/30
David Sills V,ATL,2,4,15,7.5,9,1,1,0,0,11/30
Quintin Morris,JAX,1,2,14,14,14,1,0,0,0,11/30
Greg Dortch,ARI,2,2,14,7,11,1,0,0,0,11/30
Tanner Hudson,CIN,1,2,14,14,14,1,1,0,0,11/30
Drew Sample,CIN,1,2,14,14,14,1,0,0,0,11/30
Ricky Pearsall,SF,2,3,14,7,13,1,0,0,0,11/30
Colson Yankoff,WAS,1,1,14,14,14,1,0,0,0,11/30
D'Andre Swift,CHI,1,2,13,13,13,1,0,0,0,11/30
James Proche II,TEN,1,1,13,13,13,0,0,0,0,11/30
Travis Etienne Jr.,JAX,1,1,13,13,13,1,0,0,0,11/30
Michael Pittman Jr.,IND,1,4,13,13,13,1,0,0,0,11/30
Foster Moreau,NO,2,2,13,6.5,7,0,0,0,0,11/30
Brandin Cooks,BUF,1,1,13,13,13,1,0,0,0,11/30
Keaton Mitchell,BAL,2,3,12,6,12,1,0,0,0,11/30
Jahan Dotson,PHI,1,3,12,12,12,1,0,0,0,11/30
Jeremy Ruckert,NYJ,2,2,12,6,9,0,0,0,0,11/30
Adam Prentice,DEN,1,1,11,11,11,1,0,0,0,11/30
Will Shipley,PHI,1,1,11,11,11,0,0,0,0,11/30
Tim Patrick,JAX,1,1,11,11,11,1,0,0,0,11/30
Tyler Lockett,LV,1,1,11,11,11,1,0,0,0,11/30
Dont'e Thornton Jr.,LV,1,2,11,11,11,1,0,0,0,11/30
Kimani Vidal,LAC,1,1,11,11,11,1,0,0,0,11/30
Payne Durham,TB,1,1,11,11,11,1,0,0,0,11/30
Allen Lazard,NYJ,1,1,10,10,10,1,0,0,0,11/30
Jackson Hawes,BUF,1,1,10,10,10,1,0,0,0,11/30
Chris Brooks,GB,2,2,9,4.5,5,0,0,0,0,11/30
John Bates,WAS,2,2,9,4.5,7,0,0,0,0,11/30
Keon Coleman,BUF,2,3,9,4.5,8,1,1,0,0,11/30
Jaylen Warren,PIT,2,4,9,4.5,7,0,0,0,0,11/30
Cade Otton,TB,2,2,9,4.5,5,0,0,0,0,11/30
Chimere Dike,TEN,1,4,8,8,8,0,0,1,1,11/30
Drew Ogletree,IND,1,1,8,8,8,0,0,0,0,11/30
Josh Jacobs,GB,1,1,8,8,8,0,0,0,0,11/30
Rome Odunze,CHI,2,6,8,4,5,1,0,0,0,11/30
Breece Hall,NYJ,2,2,8,4,13,1,0,0,0,11/30
Ian Thomas,LV,1,1,8,8,8,0,0,0,0,11/30
Marvin Mims Jr.,DEN,2,2,8,4,6,1,0,0,0,11/30
Rashid Shaheed,SEA,1,3,7,7,7,0,0,0,0,11/30
Zay Flowers,BAL,2,7,6,3,5,0,0,1,1,11/30
Jonnu Smith,PIT,1,2,6,6,6,0,0,0,0,11/30
Jaleel McLaughlin,DEN,1,1,6,6,6,0,0,0,0,11/30
Gabe Davis,BUF,1,2,5,5,5,0,0,0,0,11/30
Elic Ayomanor,TEN,1,5,5,5,5,0,0,0,0,11/30
Taysom Hill,NO,1,1,5,5,5,0,0,0,0,11/30
Khalil Shakir,BUF,1,4,5,5,5,0,0,0,0,11/30
Sterling Shepard,TB,1,2,5,5,5,1,0,0,0,11/30
Tez Johnson,TB,1,2,5,5,5,0,0,0,0,11/30
Treylon Burks,WAS,1,4,5,5,5,1,1,0,0,11/30
Justin Jefferson,MIN,2,6,4,2,8,0,0,0,0,11/30
Jared Wiley,KC,1,1,4,4,4,1,0,0,0,11/30
Jaxon Smith-Njigba,SEA,8,10,167,20.9,63,5,2,0,0,11/25
Wan'Dale Robinson,NYG,9,14,156,17.3,40,6,1,1,0,11/25
Amon-Ra St. Brown,DET,9,13,149,16.6,30,7,1,0,0,11/25
George Pickens,DAL,9,9,146,16.2,43,7,1,0,0,11/25
Rashee Rice,KC,8,12,141,17.6,47,6,0,0,0,11/25
Michael Wilson,ARI,10,15,118,11.8,31,4,0,0,0,11/25
Hunter Henry,NE,7,10,115,16.4,28,5,1,0,0,11/25
Khalil Shakir,BUF,8,10,110,13.8,44,2,0,1,1,11/25
A.J. Brown,PHI,8,10,110,13.8,22,6,1,0,0,11/25
Puka Nacua,LAR,7,11,97,13.9,31,5,0,0,0,11/25
Brenton Strange,JAX,5,5,93,18.6,30,4,0,0,0,11/25
DeVonta Smith,PHI,6,11,89,14.8,41,4,0,0,0,11/25
Trey McBride,ARI,9,10,79,8.8,14,6,0,0,0,11/25
George Kittle,SF,6,10,78,13,25,4,0,0,0,11/25
Theo Johnson,NYG,3,5,77,25.7,39,3,0,0,0,11/25
Breece Hall,NYJ,4,4,75,18.8,40,2,0,1,1,11/25
CeeDee Lamb,DAL,4,11,75,18.8,48,2,0,0,0,11/25
Darnell Mooney,ATL,3,3,74,24.7,49,3,1,0,0,11/25
Parker Washington,JAX,5,7,71,14.2,25,4,1,0,0,11/25
Chris Olave,NO,9,13,70,7.8,16,4,0,0,0,11/25
Tyrone Tracy Jr.,NYG,3,4,68,22.7,42,3,0,0,0,11/25
John Metchie III,NYJ,6,7,65,10.8,19,4,1,0,0,11/25
DJ Moore,CHI,5,7,64,12.8,25,3,2,0,0,11/25
Tyler Lockett,LV,4,5,62,15.5,33,3,0,0,0,11/25
Davante Adams,LAR,5,8,62,12.4,24,5,2,0,0,11/25
Andrei Iosivas,CIN,4,7,61,15.3,19,4,0,0,0,11/25
Jake Ferguson,DAL,5,6,60,12,19,4,0,1,0,11/25
Xavier Worthy,KC,4,8,59,14.8,31,2,0,0,0,11/25
Dylan Sampson,CLE,2,3,59,29.5,66,1,1,0,0,11/25
Isaiah Bond,CLE,2,2,58,29,52,1,0,0,0,11/25
Ashton Jeanty,LV,8,8,58,7.3,25,4,1,0,0,11/25
Zay Flowers,BAL,5,6,58,11.6,20,3,0,0,0,11/25
Nico Collins,HOU,3,3,55,18.3,24,2,0,0,0,11/25
Brock Bowers,LV,6,9,55,9.2,15,3,0,0,0,11/25
Christian Kirk,HOU,5,6,54,10.8,33,2,1,0,0,11/25
Greg Dortch,ARI,6,9,53,8.8,39,3,1,1,0,11/25
Christian McCaffrey,SF,7,7,53,7.6,19,4,0,1,0,11/25
Rome Odunze,CHI,3,9,53,17.7,22,3,0,0,0,11/25
Saquon Barkley,PHI,7,8,52,7.4,16,3,0,1,1,11/25
Gunnar Helm,TEN,6,7,51,8.5,15,2,0,0,0,11/25
Jakobi Meyers,JAX,4,6,50,12.5,17,3,1,0,0,11/25
Colston Loveland,CHI,4,5,49,12.3,17,2,1,0,0,11/25
Christian Watson,GB,5,7,49,9.8,12,3,0,0,0,11/25
KaVontae Turpin,DAL,1,2,48,48,48,1,0,1,1,11/25
Ashton Dulin,IND,1,1,48,48,48,1,0,0,0,11/25
Justin Jefferson,MIN,4,6,48,12,19,2,0,0,0,11/25
Luther Burden III,CHI,3,5,46,15.3,19,3,0,0,0,11/25
Juwan Johnson,NO,6,7,46,7.7,16,2,0,0,0,11/25
Ty Johnson,BUF,3,3,45,15,23,2,0,0,0,11/25
Jahmyr Gibbs,DET,11,12,45,4.1,13,3,1,0,0,11/25
Tyler Warren,IND,5,7,45,9,16,2,0,0,0,11/25
Chimere Dike,TEN,5,7,44,8.8,25,2,1,0,0,11/25
Travis Kelce,KC,4,6,43,10.8,17,2,0,0,0,11/25
Devin Neal,NO,5,7,43,8.6,18,2,0,0,0,11/25
Adonai Mitchell,NYJ,2,7,42,21,26,2,0,0,0,11/25
Isaiah Hodgins,NYG,2,6,42,21,30,2,1,0,0,11/25
James Proche II,TEN,3,3,42,14,23,2,0,0,0,11/25
Colby Parkinson,LAR,4,4,41,10.3,15,3,1,0,0,11/25
Jauan Jennings,SF,5,7,41,8.2,12,2,1,0,0,11/25
Chig Okonkwo,TEN,3,4,40,13.3,26,2,0,0,0,11/25
Harold Fannin Jr.,CLE,4,6,40,10,17,2,0,0,0,11/25
Jerry Jeudy,CLE,1,3,39,39,39,0,0,1,1,11/25
Austin Hooper,NE,3,4,39,13,21,2,0,0,0,11/25
Jayden Higgins,HOU,4,9,38,9.5,16,3,1,0,0,11/25
DeMario Douglas,NE,1,1,37,37,37,1,0,0,0,11/25
Kalif Raymond,DET,2,2,37,18.5,30,1,0,0,0,11/25
Bijan Robinson,ATL,2,2,37,18.5,32,1,0,0,0,11/25
Devaughn Vele,NO,3,7,37,12.3,14,2,0,0,0,11/25
Calvin Austin III,PIT,4,5,36,9,19,1,0,0,0,11/25
Ian Thomas,LV,4,4,36,9,14,1,0,0,0,11/25
Rico Dowdle,CAR,4,4,36,9,12,1,0,0,0,11/25
Tetairoa McMillan,CAR,2,7,35,17.5,29,1,1,0,0,11/25
Mike Gesicki,CIN,4,6,35,8.8,13,3,0,0,0,11/25
Jameis Winston,NYG,1,1,33,33,33,1,1,0,0,11/25
Dontayvion Wicks,GB,2,4,32,16,18,2,0,0,0,11/25
Emeka Egbuka,TB,3,8,32,10.7,32,1,0,0,0,11/25
Jalen Coker,CAR,3,4,32,10.7,18,2,0,0,0,11/25
Tee Higgins,CIN,5,6,31,6.2,16,1,0,0,0,11/25
Brashard Smith,KC,3,4,31,10.3,15,1,0,0,0,11/25
Kenneth Gainwell,PIT,6,6,30,5,13,1,0,0,0,11/25
Devontez Walker,BAL,1,1,30,30,30,1,0,0,0,11/25
Mack Hollins,NE,2,6,30,15,24,1,0,0,0,11/25
Kenneth Walker III,SEA,3,4,30,10,29,1,0,0,0,11/25
Michael Carter,ARI,3,3,30,10,18,1,0,0,0,11/25
Travis Etienne Jr.,JAX,3,4,30,10,15,1,1,0,0,11/25
Mitch Tinsley,CIN,2,6,29,14.5,17,2,1,0,0,11/25
Brock Wright,DET,3,4,29,9.7,20,2,0,0,0,11/25
Davis Allen,LAR,3,4,29,9.7,15,0,0,0,0,11/25
Tre Tucker,LV,3,10,28,9.3,19,1,0,0,0,11/25
Michael Pittman Jr.,IND,5,8,27,5.4,6,1,1,0,0,11/25
Chuba Hubbard,CAR,4,4,27,6.8,14,2,0,0,0,11/25
Kareem Hunt,KC,3,3,26,8.7,11,1,0,1,1,11/25
Jackson Hawes,BUF,2,2,26,13,18,2,0,0,0,11/25
Xavier Restrepo,TEN,2,6,26,13,14,2,0,0,0,11/25
Alec Pierce,IND,1,2,26,26,26,1,0,0,0,11/25
Noah Gray,KC,3,4,25,8.3,17,1,0,0,0,11/25
Konata Mumpfield,LAR,2,2,25,12.5,14,2,0,0,0,11/25
Kyle Pitts Sr.,ATL,2,5,25,12.5,23,1,0,0,0,11/25
Cooper Kupp,SEA,2,4,24,12,12,2,0,0,0,11/25
Charlie Woerner,ATL,3,3,24,8,18,1,0,0,0,11/25
Derrick Henry,BAL,2,2,24,12,19,1,0,0,0,11/25
Chase Brown,CIN,2,4,23,11.5,17,0,0,0,0,11/25
Darius Slayton,NYG,1,2,23,23,23,1,0,0,0,11/25
Romeo Doubs,GB,2,3,23,11.5,18,1,0,0,0,11/25
DK Metcalf,PIT,5,8,22,4.4,8,2,0,0,0,11/25
Gabe Davis,BUF,1,2,22,22,22,1,0,0,0,11/25
Darnell Washington,PIT,2,2,22,11,13,1,0,0,0,11/25
Mason Tipton,NO,3,4,22,7.3,9,1,0,0,0,11/25
Xavier Legette,CAR,3,5,22,7.3,14,2,0,0,0,11/25
Joshua Palmer,BUF,2,4,21,10.5,11,1,0,0,0,11/25
Cade Otton,TB,4,7,21,5.3,13,1,0,0,0,11/25
Jonnu Smith,PIT,3,3,21,7,8,0,0,0,0,11/25
Ben Skowronek,PIT,1,1,21,21,21,1,0,0,0,11/25
Tony Pollard,TEN,4,5,21,5.3,10,0,0,0,0,11/25
Tyjae Spears,TEN,4,5,21,5.3,12,1,0,0,0,11/25
Tez Johnson,TB,3,4,21,7,14,2,1,0,0,11/25
Mason Taylor,NYJ,3,5,21,7,9,0,0,0,0,11/25
Stefon Diggs,NE,2,3,20,10,14,1,0,0,0,11/25
Dallas Goedert,PHI,2,2,20,10,13,1,0,0,0,11/25
Bam Knight,ARI,4,5,20,5,10,1,0,0,0,11/25
Pat Freiermuth,PIT,3,3,19,6.3,14,2,1,0,0,11/25
David Montgomery,DET,3,3,19,6.3,9,0,0,0,0,11/25
T.J. Hockenson,MIN,4,4,19,4.8,5,0,0,0,0,11/25
Kyle Williams,NE,1,1,18,18,18,1,0,0,0,11/25
Emanuel Wilson,GB,2,2,18,9,11,1,0,0,0,11/25
AJ Barner,SEA,2,4,18,9,13,1,0,0,0,11/25
Raheem Mostert,LV,3,3,18,6,18,2,0,0,0,11/25
Dylan Drummond,ATL,3,3,18,6,9,0,0,0,0,11/25
Dawson Knox,BUF,3,4,17,5.7,9,1,0,0,0,11/25
Jordan Whittington,LAR,3,3,17,5.7,13,1,0,0,0,11/25
Aaron Jones Sr.,MIN,3,4,16,5.3,6,1,0,0,0,11/25
David Sills V,ATL,2,3,16,8,9,1,1,0,0,11/25
Kayshon Boutte,NE,2,2,15,7.5,9,1,0,0,0,11/25
TreVeyon Henderson,NE,3,4,15,5,7,0,0,0,0,11/25
D'Andre Swift,CHI,1,1,14,14,14,0,0,1,1,11/25
Javonte Williams,DAL,2,3,14,7,11,1,0,0,0,11/25
Michael Mayer,LV,1,1,14,14,14,0,0,0,0,11/25
Dont'e Thornton Jr.,LV,1,2,14,14,14,1,0,0,0,11/25
Dante Pettis,NO,1,1,14,14,14,0,0,0,0,11/25
James Cook III,BUF,3,3,13,4.3,6,0,0,0,0,11/25
DeAndre Hopkins,BAL,2,3,13,6.5,9,1,0,0,0,11/25
Sterling Shepard,TB,3,5,12,4,7,0,0,0,0,11/25
Johnny Mundt,JAX,1,2,12,12,12,1,0,0,0,11/25
John FitzPatrick,GB,1,1,11,11,11,1,0,0,0,11/25
Van Jefferson,TEN,1,1,11,11,11,1,0,0,0,11/25
Jimmy Horn Jr.,CAR,1,1,11,11,11,1,0,0,0,11/25
Josh Downs,IND,2,6,10,5,6,0,0,0,0,11/25
Hollywood Brown,KC,1,1,10,10,10,1,0,0,0,11/25
Andrew Beck,NYJ,1,1,10,10,10,1,0,0,0,11/25
Isaiah Likely,BAL,1,3,10,10,10,0,0,0,0,11/25
Tanner Hudson,CIN,1,1,9,9,9,0,0,0,0,11/25
Noah Fant,CIN,1,1,9,9,9,0,0,0,0,11/25
Mo Alie-Cox,IND,1,1,9,9,9,0,0,0,0,11/25
Clyde Edwards-Helaire,KC,2,2,9,4.5,7,0,0,0,0,11/25
Chris Godwin Jr.,TB,2,4,9,4.5,5,1,0,0,0,11/25
Xavier Weaver,ARI,1,3,9,9,9,0,0,0,0,11/25
Allen Lazard,NYJ,1,3,9,9,9,1,0,0,0,11/25
Mark Andrews,BAL,1,3,9,9,9,1,0,0,0,11/25
Keaton Mitchell,BAL,1,1,9,9,9,0,0,0,0,11/25
Drew Ogletree,IND,2,2,8,4,4,1,1,0,0,11/25
Dalton Schultz,HOU,1,4,8,8,8,0,0,0,0,11/25
Grant Calcaterra,PHI,1,1,8,8,8,0,0,0,0,11/25
Jonathan Taylor,IND,2,3,8,4,7,0,0,0,0,11/25
JuJu Smith-Schuster,KC,1,2,8,8,8,1,0,0,0,11/25
Malachi Corley,CLE,1,1,8,8,8,0,0,0,0,11/25
Demarcus Robinson,SF,1,1,8,8,8,0,0,0,0,11/25
Hunter Luepke,DAL,1,1,7,7,7,0,0,0,0,11/25
Darius Cooper,PHI,2,2,7,3.5,4,0,0,0,0,11/25
Luke Musgrave,GB,1,2,7,7,7,0,0,0,0,11/25
Jack Stoll,NO,1,1,7,7,7,0,0,0,0,11/25
Olamide Zaccheaus,CHI,1,1,6,6,6,0,0,0,0,11/25
Josiah Deguara,ARI,1,1,6,6,6,0,0,0,0,11/25
Ricky Pearsall,SF,2,4,6,3,6,1,0,0,0,11/25
Ja'Tavion Sanders,CAR,1,1,6,6,6,0,0,0,0,11/25
Chris Brooks,GB,1,1,5,5,5,0,0,0,0,11/25
Tyler Allgeier,ATL,1,1,5,5,5,0,0,0,0,11/25
Rhamondre Stevenson,NE,1,2,5,5,5,0,0,0,0,11/25
Elijah Arroyo,SEA,1,1,5,5,5,0,0,0,0,11/25
Cedric Tillman,CLE,1,3,5,5,5,0,0,0,0,11/25
Brevyn Spann-Ford,DAL,1,1,4,4,4,1,1,0,0,11/25
Jaylin Noel,HOU,1,2,4,4,4,0,0,0,0,11/25
Durham Smythe,CHI,1,1,4,4,4,0,0,0,0,11/25
Josh Oliver,MIN,1,1,4,4,4,0,0,0,0,11/25
Rachaad White,TB,1,1,4,4,4,0,0,0,0,11/25
Sean Tucker,TB,1,2,4,4,4,0,0,0,0,11/25
Alvin Kamara,NO,2,2,4,2,2,0,0,0,0,11/25
Brian Robinson Jr.,SF,1,2,4,4,4,0,0,0,0,11/25
Xavier Gipson,PHI,1,1,3,3,3,0,0,1,1,11/25
Luke Farrell,SF,1,1,3,3,3,0,0,0,0,11/25
Cole Kmet,CHI,1,1,3,3,3,0,0,0,0,11/25
Reggie Gilliam,BUF,1,1,2,2,2,0,0,0,0,11/25
Kyren Williams,LAR,1,1,2,2,2,0,0,0,0,11/25
Josh Whyle,GB,1,1,1,1,1,0,0,0,0,11/25
Jalen Nailor,MIN,0,1,0,-,-,0,0,0,0,11/25
Austin Trammell,JAX,0,1,0,-,-,0,0,0,0,11/25
Tylan Wallace,BAL,0,1,0,-,-,0,0,0,0,11/25
Cade Stover,HOU,0,2,0,-,-,0,0,0,0,11/25
Roman Wilson,PIT,0,3,0,-,-,0,0,0,0,11/25
Drew Sample,CIN,1,1,0,0,0,0,0,0,0,11/25
Charlie Jones,CIN,0,1,0,-,-,0,0,0,0,11/25
Michael Wilson,ARI,15,18,185,12.3,34,9,0,0,0,11/16
George Pickens,DAL,9,11,144,16,37,8,1,0,0,11/16
Tetairoa McMillan,CAR,8,12,130,16.3,39,7,2,0,0,11/16
Drake London,ATL,7,9,119,17,41,5,0,0,0,11/16
Trey McBride,ARI,10,11,115,11.5,28,5,1,0,0,11/16
Jahmyr Gibbs,DET,5,8,107,21.4,42,5,0,0,0,11/16
Jaxon Smith-Njigba,SEA,9,12,105,11.7,28,7,0,0,0,11/16
Stefon Diggs,NE,9,11,105,11.7,22,6,0,0,0,11/16
Nico Collins,HOU,9,10,92,10.2,18,7,1,0,0,11/16
Travis Kelce,KC,9,13,91,10.1,21,5,1,0,0,11/16
Tyrell Shavers,BUF,4,5,90,22.5,43,3,1,0,0,11/16
Jameson Williams,DET,4,7,88,22,40,3,1,0,0,11/16
Troy Franklin,DEN,4,8,84,21,35,2,0,0,0,11/16
Xavier Legette,CAR,4,8,83,20.8,36,3,1,0,0,11/16
Pat Bryant,DEN,5,6,82,16.4,48,4,0,0,0,11/16
Kenneth Gainwell,PIT,7,8,81,11.6,28,6,2,0,0,11/16
Zay Flowers,BAL,3,5,78,26,45,3,0,0,0,11/16
Puka Nacua,LAR,7,8,75,10.7,19,3,0,1,1,11/16
Deebo Samuel,WAS,7,8,74,10.6,28,2,1,0,0,11/16
Brock Bowers,LV,7,12,72,10.3,18,3,0,0,0,11/16
AJ Barner,SEA,10,11,70,7,13,4,0,1,0,11/16
George Kittle,SF,6,6,67,11.2,30,5,2,0,0,11/16
Darnell Washington,PIT,4,5,67,16.8,31,2,0,0,0,11/16
Greg Dortch,ARI,6,6,66,11,17,3,1,0,0,11/16
James Cook III,BUF,3,3,66,22,25,3,1,0,0,11/16
CeeDee Lamb,DAL,5,7,66,13.2,23,4,1,0,0,11/16
Mack Hollins,NE,4,5,64,16,20,4,0,0,0,11/16
Jakobi Meyers,JAX,5,6,64,12.8,21,4,0,0,0,11/16
Tee Higgins,CIN,3,8,63,21,28,3,1,0,0,11/16
Ty Johnson,BUF,2,2,61,30.5,52,1,1,1,0,11/16
Tyquan Thornton,KC,1,2,61,61,61,1,0,0,0,11/16
Justin Jefferson,MIN,5,9,61,12.2,27,3,0,0,0,11/16
Courtland Sutton,DEN,4,8,59,14.8,21,4,0,0,0,11/16
Isaiah Hodgins,NYG,5,6,57,11.4,20,4,0,0,0,11/16
Chig Okonkwo,TEN,3,3,56,18.7,39,2,0,0,0,11/16
Rico Dowdle,CAR,5,7,55,11,28,2,0,0,0,11/16
Jayden Higgins,HOU,4,7,55,13.8,23,3,0,0,0,11/16
Tommy Tremble,CAR,1,2,54,54,54,1,0,0,0,11/16
Sterling Shepard,TB,4,5,54,13.5,24,3,0,0,0,11/16
Jauan Jennings,SF,4,6,54,13.5,25,3,0,0,0,11/16
Romeo Doubs,GB,4,8,53,13.3,22,3,0,0,0,11/16
Keenan Allen,LAC,4,6,53,13.3,30,2,0,0,0,11/16
Jalen Coker,CAR,4,4,52,13,21,3,0,0,0,11/16
Cedric Tillman,CLE,3,4,52,17.3,26,2,0,0,0,11/16
Jaylen Waddle,MIA,3,7,52,17.3,31,2,0,0,0,11/16
Dalton Schultz,HOU,6,9,51,8.5,13,1,0,0,0,11/16
Tyrone Tracy Jr.,NYG,4,4,51,12.8,20,2,0,0,0,11/16
A.J. Brown,PHI,7,11,49,7,12,2,0,0,0,11/16
DK Metcalf,PIT,5,8,49,9.8,17,3,0,0,0,11/16
Tre Tucker,LV,4,8,47,11.8,26,3,1,0,0,11/16
Christian Watson,GB,4,5,46,11.5,17,4,2,0,0,11/16
Hunter Henry,NE,4,6,45,11.3,23,2,0,0,0,11/16
John Metchie III,NYJ,3,3,45,15,22,3,1,0,0,11/16
De'Von Achane,MIA,5,5,45,9,22,1,0,0,0,11/16
Cole Kmet,CHI,5,5,45,9,14,1,0,0,0,11/16
Kenneth Walker III,SEA,3,3,44,14.7,23,2,0,0,0,11/16
Jahan Dotson,PHI,2,2,43,21.5,34,2,0,0,0,11/16
Amon-Ra St. Brown,DET,2,12,42,21,34,1,0,0,0,11/16
Xavier Hutchinson,HOU,3,5,42,14,22,2,0,0,0,11/16
Malik Washington,MIA,3,3,42,14,18,3,0,0,0,11/16
Zach Ertz,WAS,4,8,42,10.5,15,2,0,0,0,11/16
Rome Odunze,CHI,2,6,41,20.5,24,1,0,0,0,11/16
Oronde Gadsden,LAC,2,5,41,20.5,28,2,0,0,0,11/16
Hollywood Brown,KC,4,4,40,10,18,1,0,0,0,11/16
Gabe Davis,BUF,3,4,40,13.3,22,3,0,0,0,11/16
Emeka Egbuka,TB,5,9,40,8,10,1,0,0,0,11/16
Colston Loveland,CHI,3,4,40,13.3,24,1,0,0,0,11/16
Christian McCaffrey,SF,5,6,40,8,15,3,1,0,0,11/16
Bijan Robinson,ATL,4,5,39,9.8,11,3,0,0,0,11/16
T.J. Hockenson,MIN,3,6,39,13,21,2,0,0,0,11/16
Rashee Rice,KC,6,9,38,6.3,11,2,0,0,0,11/16
Noah Fant,CIN,5,6,36,7.2,15,1,0,1,1,11/16
Hunter Luepke,DAL,3,3,36,12,15,2,0,0,0,11/16
DeMario Douglas,NE,3,3,36,12,26,2,0,0,0,11/16
Wan'Dale Robinson,NYG,4,9,36,9,20,1,0,0,0,11/16
Theo Johnson,NYG,3,4,36,12,14,2,0,0,0,11/16
Darnell Mooney,ATL,3,7,34,11.3,20,2,0,1,0,11/16
Sean Tucker,TB,2,2,34,17,28,1,1,0,0,11/16
Evan Engram,DEN,4,5,33,8.3,9,0,0,0,0,11/16
Savion Williams,GB,1,1,33,33,33,1,0,0,0,11/16
Tyler Lockett,LV,3,3,33,11,15,2,0,0,0,11/16
Mark Andrews,BAL,3,5,32,10.7,11,3,0,0,0,11/16
TreVeyon Henderson,NE,5,5,31,6.2,10,2,1,0,0,11/16
Tyjae Spears,TEN,5,5,31,6.2,15,1,0,0,0,11/16
Mason Taylor,NYJ,4,4,30,7.5,11,0,0,0,0,11/16
Ja'Marr Chase,CIN,3,10,30,10,16,2,0,0,0,11/16
Gunnar Helm,TEN,4,5,29,7.3,11,2,0,0,0,11/16
Mitchell Evans,CAR,2,2,28,14,25,1,0,0,0,11/16
Cade Otton,TB,2,5,28,14,19,1,0,0,0,11/16
Chris Moore,WAS,2,5,28,14,19,1,0,0,0,11/16
Chase Brown,CIN,6,8,28,4.7,17,1,0,0,0,11/16
Rashid Shaheed,SEA,2,5,27,13.5,21,1,0,0,0,11/16
Luther Burden III,CHI,3,5,27,9,16,2,0,0,0,11/16
Ashton Jeanty,LV,6,8,27,4.5,8,1,0,0,0,11/16
Harold Fannin Jr.,CLE,2,5,26,13,25,1,0,0,0,11/16
Kyle Juszczyk,SF,2,2,26,13,21,1,0,0,0,11/16
Xavier Worthy,KC,3,5,25,8.3,11,2,0,0,0,11/16
Jacoby Jones,WAS,1,1,25,25,25,1,0,0,0,11/16
Johnny Mundt,JAX,2,3,25,12.5,16,1,0,0,0,11/16
Matthew Golden,GB,1,3,24,24,24,1,0,0,0,11/16
Dallas Goedert,PHI,2,5,24,12,17,1,0,0,0,11/16
Cooper Kupp,SEA,3,7,23,7.7,9,0,0,0,0,11/16
Jeremy Ruckert,NYJ,4,5,23,5.8,10,1,0,0,0,11/16
Dawson Knox,BUF,1,3,23,23,23,1,0,0,0,11/16
Keaton Mitchell,BAL,2,3,23,11.5,17,1,0,0,0,11/16
Tyler Higbee,LAR,1,2,23,23,23,1,0,0,0,11/16
Michael Carter,ARI,5,7,22,4.4,7,1,0,0,0,11/16
Ja'Tavion Sanders,CAR,4,4,22,5.5,10,1,0,0,0,11/16
Van Jefferson,TEN,3,7,22,7.3,11,1,1,0,0,11/16
Tanner Hudson,CIN,3,3,22,7.3,9,0,0,0,0,11/16
Jerry Jeudy,CLE,3,7,21,7,10,1,0,0,0,11/16
Bam Knight,ARI,4,4,21,5.3,12,0,0,0,0,11/16
Tim Patrick,JAX,3,4,20,6.7,10,2,1,0,0,11/16
RJ Harvey,DEN,3,3,20,6.7,11,1,0,0,0,11/16
Jordan Addison,MIN,2,7,20,10,15,2,1,0,0,11/16
Andrei Iosivas,CIN,3,4,20,6.7,11,2,0,0,0,11/16
Parker Washington,JAX,2,2,20,10,11,2,0,0,0,11/16
Ian Thomas,LV,1,1,20,20,20,1,0,0,0,11/16
Curtis Samuel,BUF,2,3,19,9.5,14,1,0,0,0,11/16
Derrick Henry,BAL,2,2,19,9.5,12,1,0,0,0,11/16
Pat Freiermuth,PIT,1,1,19,19,19,1,0,0,0,11/16
Jack Bech,LV,1,1,19,19,19,1,0,0,0,11/16
Greg Dulcich,MIA,2,4,18,9,14,1,0,0,0,11/16
DJ Moore,CHI,1,3,18,18,18,1,0,0,0,11/16
Jalin Hyatt,NYG,2,4,18,9,14,1,0,0,0,11/16
Brycen Tremayne,CAR,2,2,17,8.5,11,1,0,0,0,11/16
Joshua Palmer,BUF,2,5,17,8.5,13,1,0,0,0,11/16
Roman Wilson,PIT,1,2,17,17,17,1,0,0,0,11/16
Jeremy McNichols,WAS,2,2,16,8,10,1,0,0,0,11/16
Jalen Nailor,MIN,1,1,16,16,16,1,0,0,0,11/16
Jake Ferguson,DAL,4,5,16,4,7,1,1,0,0,11/16
Rasheen Ali,BAL,1,1,15,15,15,1,0,0,0,11/16
Isaiah Likely,BAL,2,3,15,7.5,10,0,0,0,0,11/16
Xavier Weaver,ARI,2,3,15,7.5,9,0,0,0,0,11/16
Adam Prentice,DEN,1,2,14,14,14,0,0,0,0,11/16
Chimere Dike,TEN,2,3,14,7,9,1,0,1,0,11/16
Kyle Pitts Sr.,ATL,2,3,14,7,7,0,0,0,0,11/16
Mason Kinsey,TEN,1,3,14,14,14,1,0,0,0,11/16
Colby Parkinson,LAR,2,2,14,7,8,1,1,0,0,11/16
Julian Hill,MIA,1,1,14,14,14,1,0,0,0,11/16
Kyle Monangai,CHI,1,1,14,14,14,0,0,0,0,11/16
Calvin Ridley,TEN,1,1,13,13,13,1,0,0,0,11/16
Jaylin Lane,WAS,1,1,13,13,13,1,0,0,0,11/16
Demarcus Robinson,SF,1,2,13,13,13,1,0,0,0,11/16
Ladd McConkey,LAC,3,4,13,4.3,7,0,0,0,0,11/16
Austin Trammell,JAX,1,1,13,13,13,1,0,0,0,11/16
Michael Mayer,LV,3,4,13,4.3,8,0,0,0,0,11/16
Jaylin Noel,HOU,1,1,12,12,12,0,0,0,0,11/16
Emari Demercado,ARI,2,3,12,6,9,0,0,0,0,11/16
Tre' Harris,LAC,1,1,12,12,12,0,0,0,0,11/16
DeAndre Hopkins,BAL,1,4,11,11,11,0,0,0,0,11/16
Aaron Jones Sr.,MIN,3,6,11,3.7,7,1,0,1,0,11/16
Elijah Higgins,ARI,2,3,11,5.5,6,0,0,1,1,11/16
David Sills V,ATL,1,2,11,11,11,1,0,0,0,11/16
Rachaad White,TB,2,3,11,5.5,7,0,0,0,0,11/16
Elic Ayomanor,TEN,2,6,11,5.5,6,0,0,0,0,11/16
Quintin Morris,JAX,1,3,11,11,11,1,0,0,0,11/16
Adonai Mitchell,NYJ,1,6,10,10,10,1,0,0,0,11/16
Zach Charbonnet,SEA,2,2,10,5,6,1,0,0,0,11/16
David Montgomery,DET,1,1,10,10,10,1,0,0,0,11/16
Malachi Corley,CLE,2,2,9,4.5,7,0,0,0,0,11/16
Jordan Whittington,LAR,1,1,9,9,9,0,0,0,0,11/16
Noah Gray,KC,2,3,9,4.5,5,2,0,0,0,11/16
Dare Ogunbowale,HOU,1,1,9,9,9,0,0,0,0,11/16
Dontayvion Wicks,GB,1,2,9,9,9,0,0,0,0,11/16
Emanuel Wilson,GB,1,1,9,9,9,0,0,0,0,11/16
Adam Trautman,DEN,1,1,8,8,8,0,0,0,0,11/16
Brashard Smith,KC,2,3,8,4,6,0,0,0,0,11/16
Xavier Smith,LAR,1,2,8,8,8,0,0,0,0,11/16
Durham Smythe,CHI,1,3,8,8,8,0,0,0,0,11/16
Brock Wright,DET,2,7,8,4,4,0,0,0,0,11/16
DeVonta Smith,PHI,1,5,8,8,8,0,0,0,0,11/16
Saquon Barkley,PHI,1,2,7,7,7,0,0,0,0,11/16
Chuba Hubbard,CAR,1,3,7,7,7,1,0,0,0,11/16
David Njoku,CLE,1,2,7,7,7,0,0,0,0,11/16
Woody Marks,HOU,1,1,7,7,7,0,0,0,0,11/16
Raheem Mostert,LV,2,2,7,3.5,4,1,0,0,0,11/16
Breece Hall,NYJ,2,2,6,3,8,0,0,0,0,11/16
Tyler Allgeier,ATL,2,2,6,3,4,0,0,0,0,11/16
Tez Johnson,TB,1,3,6,6,6,0,0,0,0,11/16
Christian Kirk,HOU,1,4,6,6,6,0,0,0,0,11/16
Chris Rodriguez Jr.,WAS,1,1,6,6,6,0,0,0,0,11/16
Adam Thielen,MIN,1,2,6,6,6,1,0,0,0,11/16
Kyren Williams,LAR,1,2,5,5,5,0,0,0,0,11/16
Jacory Croskey-Merritt,WAS,1,1,5,5,5,1,0,0,0,11/16
John FitzPatrick,GB,1,1,5,5,5,1,0,0,0,11/16
Andre Baccellia,ARI,1,1,5,5,5,0,0,0,0,11/16
Calvin Austin III,PIT,1,1,5,5,5,0,0,0,0,11/16
Jaylen Warren,PIT,2,2,5,2.5,6,0,0,0,0,11/16
Keleki Latu,BUF,1,1,4,4,4,0,0,0,0,11/16
Colson Yankoff,WAS,1,1,4,4,4,1,0,0,0,11/16
Brevyn Spann-Ford,DAL,1,1,4,4,4,0,0,0,0,11/16
Tony Pollard,TEN,3,3,4,1.3,9,1,0,0,0,11/16
Kylen Granson,PHI,1,2,4,4,4,1,0,0,0,11/16
Kareem Hunt,KC,1,2,3,3,3,0,0,0,0,11/16
Devin Singletary,NYG,1,1,3,3,3,0,0,0,0,11/16
Isaiah Williams,NYJ,1,4,2,2,2,0,0,0,0,11/16
Josh Whyle,GB,1,1,2,2,2,1,1,0,0,11/16
Ryan Flournoy,DAL,1,1,2,2,2,1,1,0,0,11/16
Robert Tonyan,KC,1,1,1,1,1,0,0,0,0,11/16
Nico Collins,HOU,7,15,136,19.4,54,5,0,0,0,11/9
Trey McBride,ARI,9,13,127,14.1,24,6,1,0,0,11/9
Jalen Nailor,MIN,5,6,124,24.8,62,4,1,0,0,11/9
Jameson Williams,DET,6,7,119,19.8,41,6,1,0,0,11/9
Emeka Egbuka,TB,6,13,115,19.2,31,5,1,0,0,11/9
Ladd McConkey,LAC,4,6,107,26.8,58,4,1,0,0,11/9
Mack Hollins,NE,6,10,106,17.7,54,4,0,0,0,11/9
Drake London,ATL,6,8,104,17.3,30,6,1,0,0,11/9
Chris Olave,NO,5,8,104,20.8,62,3,1,0,0,11/9
Tyler Warren,IND,8,10,99,12.4,24,4,0,0,0,11/9
Jaxon Smith-Njigba,SEA,5,6,93,18.6,43,4,1,0,0,11/9
Juwan Johnson,NO,4,4,92,23,52,2,1,0,0,11/9
Darius Slayton,NYG,4,4,89,22.3,38,3,0,0,0,11/9
Rome Odunze,CHI,6,10,86,14.3,27,5,1,0,0,11/9
Alec Pierce,IND,4,7,84,21,37,4,1,0,0,11/9
Jaylen Waddle,MIA,5,7,84,16.8,38,3,1,0,0,11/9
George Kittle,SF,9,9,84,9.3,20,4,1,0,0,11/9
Cade Otton,TB,9,12,82,9.1,16,3,0,0,0,11/9
Jerry Jeudy,CLE,6,12,78,13,22,5,1,0,0,11/9
Davante Adams,LAR,6,8,77,12.8,23,6,1,0,0,11/9
Zay Flowers,BAL,4,6,75,18.8,27,3,0,0,0,11/9
Theo Johnson,NYG,7,8,75,10.7,25,3,0,0,0,11/9
Cooper Kupp,SEA,2,2,74,37,67,2,0,0,0,11/9
Kyle Williams,NE,1,2,72,72,72,1,1,0,0,11/9
Jauan Jennings,SF,6,9,71,11.8,22,4,1,1,1,11/9
DeVonta Smith,PHI,4,7,69,17.3,36,3,1,0,0,11/9
Christian McCaffrey,SF,8,10,66,8.3,19,3,0,0,0,11/9
Puka Nacua,LAR,5,6,64,12.8,22,5,1,0,0,11/9
Wan'Dale Robinson,NYG,6,11,62,10.3,15,4,0,0,0,11/9
Tetairoa McMillan,CAR,5,8,60,12,26,3,0,0,0,11/9
Khalil Shakir,BUF,7,9,58,8.3,24,3,0,0,0,11/9
Amon-Ra St. Brown,DET,5,8,58,11.6,16,4,1,0,0,11/9
Treylon Burks,WAS,3,3,58,19.3,37,2,0,0,0,11/9
Colston Loveland,CHI,4,4,55,13.8,20,3,0,0,0,11/9
Zach Ertz,WAS,4,5,54,13.5,30,2,0,0,0,11/9
Devin Singletary,NYG,3,3,53,17.7,41,1,0,0,0,11/9
Sam LaPorta,DET,5,5,53,10.6,14,3,0,0,0,11/9
Dalton Schultz,HOU,7,11,53,7.6,20,5,1,0,0,11/9
Luther Burden III,CHI,3,3,51,17,27,2,0,0,0,11/9
De'Von Achane,MIA,6,6,51,8.5,15,3,0,0,0,11/9
Kalif Raymond,DET,4,4,49,12.3,18,3,0,0,0,11/9
Keon Coleman,BUF,3,8,46,15.3,35,2,1,0,0,11/9
Stefon Diggs,NE,5,8,46,9.2,19,3,1,0,0,11/9
Christian Watson,GB,2,4,45,22.5,25,2,0,0,0,11/9
Tyler Lockett,LV,5,6,44,8.8,19,2,0,0,0,11/9
Harold Fannin Jr.,CLE,4,7,44,11,24,2,0,0,0,11/9
Pat Bryant,DEN,1,2,43,43,43,1,0,0,0,11/9
Dallas Goedert,PHI,4,6,43,10.8,22,3,0,0,0,11/9
Jonathan Taylor,IND,3,3,42,14,24,2,0,1,0,11/9
Breece Hall,NYJ,1,1,42,42,42,1,1,0,0,11/9
Quentin Johnston,LAC,5,10,42,8.4,15,2,0,0,0,11/9
Tez Johnson,TB,4,5,42,10.5,12,3,2,0,0,11/9
Jayden Higgins,HOU,5,7,42,8.4,12,3,1,0,0,11/9
Colby Parkinson,LAR,4,5,41,10.3,16,4,1,0,0,11/9
Jaylin Lane,WAS,1,1,41,41,41,1,0,0,0,11/9
Jakobi Meyers,JAX,3,3,41,13.7,23,2,0,0,0,11/9
Saquon Barkley,PHI,3,3,41,13.7,41,1,0,0,0,11/9
Troy Franklin,DEN,5,9,40,8,18,2,1,0,0,11/9
Emari Demercado,ARI,3,4,40,13.3,34,1,0,0,0,11/9
Kyle Pitts Sr.,ATL,2,5,38,19,25,2,0,0,0,11/9
Dontayvion Wicks,GB,4,8,38,9.5,20,4,0,0,0,11/9
Justin Jefferson,MIN,4,12,37,9.3,11,3,0,0,0,11/9
Dawson Knox,BUF,3,4,37,12.3,20,1,0,0,0,11/9
Dalton Kincaid,BUF,2,3,37,18.5,20,2,0,0,0,11/9
Roman Wilson,PIT,2,3,35,17.5,27,1,1,0,0,11/9
Jordan Addison,MIN,3,11,35,11.7,26,1,0,0,0,11/9
DK Metcalf,PIT,3,7,35,11.7,19,2,0,0,0,11/9
Jaylin Noel,HOU,4,4,35,8.8,27,3,0,0,0,11/9
Demarcus Robinson,SF,3,4,34,11.3,14,2,0,0,0,11/9
Michael Wilson,ARI,4,7,34,8.5,15,1,0,0,0,11/9
DeMario Douglas,NE,2,2,34,17,26,1,0,0,0,11/9
Austin Trammell,JAX,2,3,33,16.5,18,1,0,0,0,11/9
Josh Jacobs,GB,5,6,33,6.6,9,1,0,1,1,11/9
Pat Freiermuth,PIT,3,3,33,11,15,1,0,0,0,11/9
Tyler Higbee,LAR,3,3,33,11,15,2,0,0,0,11/9
Marvin Harrison Jr.,ARI,3,12,33,11,14,3,1,0,0,11/9
Parker Washington,JAX,3,7,33,11,17,2,1,0,0,11/9
Ja'Tavion Sanders,CAR,5,5,32,6.4,13,1,0,0,0,11/9
Terrance Ferguson,LAR,1,4,32,32,32,1,0,0,0,11/9
Alvin Kamara,NO,3,3,32,10.7,26,1,0,0,0,11/9
Brock Bowers,LV,1,3,31,31,31,1,0,0,0,11/9
Jahmyr Gibbs,DET,3,4,30,10,14,2,1,0,0,11/9
Deebo Samuel,WAS,4,5,29,7.3,19,2,1,0,0,11/9
Tre Tucker,LV,2,3,28,14,25,1,0,0,0,11/9
Bo Melton,GB,2,5,28,14,18,2,0,0,0,11/9
Jackson Hawes,BUF,1,2,26,26,26,1,1,0,0,11/9
James Cook III,BUF,5,5,24,4.8,9,0,0,1,1,11/9
Courtland Sutton,DEN,3,4,24,8,14,1,0,0,0,11/9
Ty Johnson,BUF,2,2,24,12,16,1,0,0,0,11/9
Tyrell Shavers,BUF,1,1,24,24,24,1,0,0,0,11/9
Charlie Kolar,BAL,1,2,23,23,23,1,0,0,0,11/9
Luke Musgrave,GB,3,3,23,7.7,9,0,0,0,0,11/9
Michael Mayer,LV,3,4,22,7.3,11,1,0,0,0,11/9
Aaron Jones Sr.,MIN,3,6,22,7.3,12,1,0,0,0,11/9
Greg Dulcich,MIA,1,4,22,22,22,1,0,0,0,11/9
Jalen Coker,CAR,3,4,21,7,10,1,0,0,0,11/9
Curtis Samuel,BUF,1,1,21,21,21,1,0,0,0,11/9
David Njoku,CLE,2,2,21,10.5,12,1,1,0,0,11/9
Jaylen Warren,PIT,2,2,21,10.5,18,1,0,0,0,11/9
Johnny Mundt,JAX,1,2,21,21,21,1,0,0,0,11/9
Sterling Shepard,TB,3,4,20,6.7,11,1,0,0,0,11/9
Elijah Higgins,ARI,2,3,19,9.5,12,1,0,0,0,11/9
Michael Pittman Jr.,IND,2,2,19,9.5,10,0,0,0,0,11/9
Keenan Allen,LAC,2,5,19,9.5,12,1,0,0,0,11/9
Kendrick Bourne,SF,1,1,19,19,19,1,0,0,0,11/9
Travis Etienne Jr.,JAX,2,4,19,9.5,15,1,0,0,0,11/9
Woody Marks,HOU,2,3,18,9,12,1,0,0,0,11/9
D'Andre Swift,CHI,5,8,18,3.6,10,1,0,0,0,11/9
Skyy Moore,SF,1,1,18,18,18,1,0,0,0,11/9
Darnell Mooney,ATL,1,8,17,17,17,1,0,0,0,11/9
Isaiah Likely,BAL,2,5,17,8.5,11,1,0,0,0,11/9
Robbie Chosen,WAS,1,4,17,17,17,1,0,0,0,11/9
Will Shipley,PHI,2,2,17,8.5,11,1,0,0,0,11/9
Adam Thielen,MIN,2,3,16,8,9,0,0,0,0,11/9
DeAndre Hopkins,BAL,2,3,16,8,9,0,0,0,0,11/9
Rachaad White,TB,5,5,16,3.2,13,2,0,0,0,11/9
Foster Moreau,NO,2,3,16,8,10,1,0,0,0,11/9
Luke Farrell,SF,2,2,15,7.5,9,1,1,0,0,11/9
Darnell Washington,PIT,1,1,15,15,15,1,0,0,0,11/9
Devaughn Vele,NO,1,3,15,15,15,0,0,0,0,11/9
Charlie Woerner,ATL,1,1,14,14,14,1,0,0,0,11/9
Mark Andrews,BAL,3,5,14,4.7,6,2,1,0,0,11/9
Calvin Austin III,PIT,2,7,14,7,8,0,0,0,0,11/9
Xavier Smith,LAR,1,1,14,14,14,1,0,0,0,11/9
Zaire Mitchell-Paden,NO,1,1,14,14,14,1,0,0,0,11/9
Adam Prentice,DEN,1,1,13,13,13,1,0,0,0,11/9
Kimani Vidal,LAC,1,1,13,13,13,0,0,0,0,11/9
Oronde Gadsden,LAC,3,6,13,4.3,6,0,0,0,0,11/9
A.J. Brown,PHI,2,3,13,6.5,7,0,0,0,0,11/9
Evan Engram,DEN,2,5,12,6,7,0,0,0,0,11/9
Justice Hill,BAL,1,2,12,12,12,1,0,0,0,11/9
Tyler Conklin,LAC,1,1,12,12,12,0,0,0,0,11/9
Raheem Mostert,LV,1,1,11,11,11,1,0,0,0,11/9
Cedric Tillman,CLE,2,4,11,5.5,9,0,0,0,0,11/9
Kyren Williams,LAR,2,3,11,5.5,7,0,0,0,0,11/9
Isaac TeSlaa,DET,1,1,11,11,11,1,0,0,0,11/9
Rashod Bateman,BAL,1,2,10,10,10,1,0,0,0,11/9
Quinshon Judkins,CLE,2,3,10,5,9,0,0,0,0,11/9
Rico Dowdle,CAR,3,3,10,3.3,8,1,0,0,0,11/9
RJ Harvey,DEN,2,3,9,4.5,7,0,0,0,0,11/9
Malik Washington,MIA,2,3,9,4.5,9,1,1,0,0,11/9
Elijah Moore,BUF,2,2,9,4.5,5,0,0,0,0,11/9
Derrick Henry,BAL,3,3,9,3,8,0,0,0,0,11/9
Hunter Henry,NE,1,4,9,9,9,0,0,0,0,11/9
Devin Neal,NO,3,3,9,3,10,1,0,0,0,11/9
Daniel Bellinger,NYG,1,2,8,8,8,0,0,0,0,11/9
Ameer Abdullah,IND,1,1,8,8,8,0,0,0,0,11/9
T.J. Hockenson,MIN,2,2,8,4,4,0,0,0,0,11/9
Davis Allen,LAR,2,2,8,4,4,1,1,0,0,11/9
Kyle Juszczyk,SF,2,2,8,4,6,0,0,0,0,11/9
J.K. Dobbins,DEN,1,1,7,7,7,0,0,0,0,11/9
Nick Westbrook-Ikhine,MIA,1,1,7,7,7,1,0,0,0,11/9
Tucker Fisk,LAC,1,1,7,7,7,0,0,0,0,11/9
Jordan Mason,MIN,1,1,6,6,6,0,0,0,0,11/9
John Bates,WAS,1,2,6,6,6,0,0,0,0,11/9
LeQuint Allen Jr.,JAX,1,1,6,6,6,0,0,0,0,11/9
Bam Knight,ARI,1,4,5,5,5,1,0,0,0,11/9
Olamide Zaccheaus,CHI,1,4,5,5,5,0,0,0,0,11/9
Cole Kmet,CHI,1,2,5,5,5,0,0,0,0,11/9
Elijah Arroyo,SEA,1,1,5,5,5,0,0,0,0,11/9
Bhayshul Tuten,JAX,1,2,5,5,5,0,0,0,0,11/9
Nick Chubb,HOU,1,1,5,5,5,0,0,0,0,11/9
Romeo Doubs,GB,1,4,5,5,5,1,0,0,0,11/9
Kenneth Gainwell,PIT,2,3,4,2,2,0,0,0,0,11/9
Dont'e Thornton Jr.,LV,1,2,4,4,4,0,0,0,0,11/9
Bijan Robinson,ATL,2,2,4,2,8,0,0,0,0,11/9
Isaiah Williams,NYJ,1,1,4,4,4,0,0,0,0,11/9
Mason Taylor,NYJ,1,2,4,4,4,0,0,0,0,11/9
Jonnu Smith,PIT,1,2,4,4,4,0,0,0,0,11/9
Tre' Harris,LAC,2,2,4,2,5,0,0,0,0,11/9
Brian Robinson Jr.,SF,1,1,4,4,4,0,0,0,0,11/9
Jeremy McNichols,WAS,1,1,4,4,4,0,0,0,0,11/9
Ben Sinnott,WAS,1,1,4,4,4,1,1,0,0,11/9
Ashton Jeanty,LV,3,5,3,1,6,0,0,1,0,11/9
Rashid Shaheed,SEA,1,1,3,3,3,0,0,1,0,11/9
Christian Kirk,HOU,1,3,3,3,3,0,0,0,0,11/9
Josh Downs,IND,1,2,3,3,3,0,0,0,0,11/9
Dylan Sampson,CLE,1,1,3,3,3,0,0,0,0,11/9
John Metchie III,NYJ,1,1,3,3,3,0,0,0,0,11/9
Derius Davis,LAC,1,1,3,3,3,0,0,0,0,11/9
Kenneth Walker III,SEA,1,1,3,3,3,0,0,0,0,11/9
TreVeyon Henderson,NE,1,1,3,3,3,0,0,0,0,11/9
Adam Trautman,DEN,1,1,2,2,2,0,0,0,0,11/9
Emanuel Wilson,GB,1,1,2,2,2,0,0,0,0,11/9
Savion Williams,GB,2,2,2,1,2,0,0,0,0,11/9
Isaiah Davis,NYJ,1,1,1,1,1,0,0,0,0,11/9
Chuba Hubbard,CAR,1,1,1,1,1,0,0,0,0,11/9
Tyler Badie,DEN,0,1,0,-,-,0,0,0,0,11/9
Garrett Wilson,NYJ,0,3,0,-,-,0,0,0,0,11/9
Ray Davis,BUF,1,2,0,0,0,0,0,0,0,11/9
Jack Bech,LV,0,1,0,-,-,0,0,0,0,11/9
DJ Moore,CHI,0,4,0,-,-,0,0,0,0,11/9
Kyle Monangai,CHI,0,1,0,-,-,0,0,0,0,11/9
Gunner Olszewski,NYG,0,2,0,-,-,0,0,0,0,11/9
Tyrone Tracy Jr.,NYG,1,2,0,0,0,0,0,0,0,11/9
David Sills V,ATL,0,1,0,-,-,0,0,0,0,11/9
Mo Alie-Cox,IND,0,1,0,-,-,0,0,0,0,11/9
Jerome Ford,CLE,0,1,0,-,-,0,0,0,0,11/9
Malachi Corley,CLE,0,1,0,-,-,0,0,0,0,11/9
Jamari Thrash,CLE,0,1,0,-,-,0,0,0,0,11/9
Jaxon Smith-Njigba,SEA,8,9,129,16.1,26,5,0,0,0,11/2
Brock Bowers,LV,12,13,127,10.6,27,7,3,0,0,11/2
Tee Higgins,CIN,7,9,121,17.3,44,6,2,0,0,11/2
Colston Loveland,CHI,6,7,118,19.7,58,4,2,0,0,11/2
Drake London,ATL,9,14,118,13.1,40,8,3,0,0,11/2
Alec Pierce,IND,6,13,115,19.2,36,5,0,0,0,11/2
Michael Pittman Jr.,IND,9,12,115,12.8,21,6,0,0,0,11/2
Ja'Marr Chase,CIN,6,8,111,18.5,36,6,0,0,0,11/2
Dalton Kincaid,BUF,6,6,101,16.8,47,4,1,0,0,11/2
DeMario Douglas,NE,4,6,100,25,58,4,1,0,0,11/2
Amon-Ra St. Brown,DET,9,13,97,10.8,19,2,0,0,0,11/2
Sam LaPorta,DET,6,8,97,16.2,40,4,1,0,0,11/2
Marvin Harrison Jr.,ARI,7,10,96,13.7,20,6,1,0,0,11/2
Puka Nacua,LAR,7,8,95,13.6,39,2,1,0,0,11/2
Romeo Doubs,GB,7,10,91,13,30,5,0,0,0,11/2
Parker Washington,JAX,8,9,90,11.3,22,4,0,0,0,11/2
CeeDee Lamb,DAL,7,12,85,12.1,33,3,0,0,0,11/2
Jaylen Waddle,MIA,6,9,82,13.7,24,4,0,0,0,11/2
Rashee Rice,KC,4,7,80,20,29,4,0,0,0,11/2
George Pickens,DAL,6,9,79,13.2,19,6,0,2,0,11/2
Dalton Schultz,HOU,6,8,77,12.8,47,3,0,0,0,11/2
Chase Brown,CIN,8,14,75,9.4,21,4,0,0,0,11/2
Nico Collins,HOU,7,11,75,10.7,26,5,0,0,0,11/2
Hollywood Brown,KC,2,4,73,36.5,40,2,0,0,0,11/2
DJ Moore,CHI,4,6,72,18,23,4,0,0,0,11/2
Rashid Shaheed,SEA,5,9,68,13.6,26,3,0,0,0,11/2
Oronde Gadsden,LAC,5,5,68,13.6,34,2,0,0,0,11/2
Christian McCaffrey,SF,5,6,67,13.4,39,3,1,0,0,11/2
Jameson Williams,DET,4,6,66,16.5,37,3,1,0,0,11/2
Travis Kelce,KC,4,5,66,16.5,28,3,0,0,0,11/2
Andrei Iosivas,CIN,5,7,66,13.2,28,3,1,0,0,11/2
Zay Flowers,BAL,5,5,64,12.8,39,2,0,0,0,11/2
Darius Slayton,NYG,5,7,62,12.4,24,2,0,0,0,11/2
Michael Wilson,ARI,3,4,61,20.3,50,2,0,0,0,11/2
Cody White,SEA,1,2,60,60,60,1,1,0,0,11/2
Isaiah Likely,BAL,3,4,60,20,35,3,0,0,0,11/2
Davante Adams,LAR,5,7,60,12,29,5,2,0,0,11/2
Olamide Zaccheaus,CHI,6,8,58,9.7,15,4,1,0,0,11/2
Christian Watson,GB,2,4,58,29,52,1,0,0,0,11/2
Josh Downs,IND,6,9,57,9.5,17,5,1,1,1,11/2
Chris Olave,NO,3,4,57,19,27,2,0,0,0,11/2
Ladd McConkey,LAC,4,6,56,14,21,2,0,0,0,11/2
Calvin Austin III,PIT,5,6,56,11.2,18,2,0,0,0,11/2
Brian Thomas Jr.,JAX,3,5,55,18.3,34,2,0,0,0,11/2
Trey McBride,ARI,5,9,55,11,19,3,1,0,0,11/2
Terrance Ferguson,LAR,2,3,54,27,36,2,0,0,0,11/2
Quentin Johnston,LAC,4,6,53,13.3,23,2,1,0,0,11/2
Hunter Henry,NE,4,6,51,12.8,17,4,0,0,0,11/2
RJ Harvey,DEN,5,5,51,10.2,27,2,1,0,0,11/2
Jake Ferguson,DAL,5,7,50,10,23,2,0,1,1,11/2
Bijan Robinson,ATL,8,10,50,6.3,12,3,0,0,0,11/2
Greg Dulcich,MIA,5,5,49,9.8,16,2,0,0,0,11/2
Malik Washington,MIA,3,3,48,16,28,2,0,1,1,11/2
Jordan Addison,MIN,2,4,48,24,31,2,0,0,0,11/2
Tory Horton,SEA,4,4,48,12,25,3,2,0,0,11/2
Justin Jefferson,MIN,6,9,47,7.8,21,3,1,0,0,11/2
Ashton Jeanty,LV,5,5,47,9.4,15,3,1,0,0,11/2
Tetairoa McMillan,CAR,4,6,46,11.5,16,3,0,0,0,11/2
Elic Ayomanor,TEN,3,6,46,15.3,29,3,0,0,0,11/2
Wan'Dale Robinson,NYG,9,11,46,5.1,9,1,0,0,0,11/2
Zach Ertz,WAS,4,4,46,11.5,25,2,0,0,0,11/2
Khalil Shakir,BUF,7,8,43,6.1,20,3,0,0,0,11/2
Darnell Washington,PIT,4,6,43,10.8,13,3,0,0,0,11/2
Tanner Hudson,CIN,2,2,42,21,33,1,0,0,0,11/2
Keenan Allen,LAC,2,5,41,20.5,31,2,0,0,0,11/2
Jauan Jennings,SF,4,5,41,10.3,20,2,1,0,0,11/2
Deebo Samuel,WAS,5,6,41,8.2,19,1,0,0,0,11/2
De'Von Achane,MIA,6,10,39,6.5,19,1,0,0,0,11/2
Tre Tucker,LV,3,4,38,12.7,22,2,0,0,0,11/2
Kyle Pitts Sr.,ATL,4,7,38,9.5,22,1,0,0,0,11/2
Stefon Diggs,NE,3,4,38,12.7,21,2,1,0,0,11/2
Davis Allen,LAR,3,4,37,12.3,16,2,0,0,0,11/2
Tyjae Spears,TEN,3,3,36,12,26,1,0,0,0,11/2
Kenneth Gainwell,PIT,4,5,35,8.8,16,2,0,0,0,11/2
Luke Musgrave,GB,3,3,34,11.3,21,2,0,0,0,11/2
Kendrick Bourne,SF,2,2,34,17,21,2,0,0,0,11/2
TreVeyon Henderson,NE,4,6,32,8,19,2,0,0,0,11/2
George Kittle,SF,4,4,32,8,11,2,0,0,0,11/2
Travis Etienne Jr.,JAX,5,5,31,6.2,16,1,0,1,0,11/2
Juwan Johnson,NO,3,4,31,10.3,12,2,1,0,0,11/2
Elijah Higgins,ARI,3,3,30,10,16,1,0,0,0,11/2
Dawson Knox,BUF,1,1,30,30,30,1,0,0,0,11/2
Courtland Sutton,DEN,1,6,30,30,30,1,1,0,0,11/2
Xavier Hutchinson,HOU,3,5,30,10,19,1,0,0,0,11/2
Elijah Arroyo,SEA,2,2,29,14.5,26,1,1,0,0,11/2
Jaylin Lane,WAS,3,5,29,9.7,15,2,0,1,1,11/2
Elijah Moore,BUF,1,1,28,28,28,1,0,0,0,11/2
Noah Fant,CIN,2,3,28,14,23,1,1,0,0,11/2
Mitch Tinsley,CIN,1,2,27,27,27,1,0,0,0,11/2
Theo Johnson,NYG,3,6,27,9,15,1,1,0,0,11/2
Pat Freiermuth,PIT,3,4,27,9,12,2,1,0,0,11/2
Troy Franklin,DEN,4,10,27,6.8,13,1,0,0,0,11/2
Michael Mayer,LV,3,7,26,8.7,12,3,0,0,0,11/2
Tyler Warren,IND,5,7,26,5.2,9,1,0,0,0,11/2
Christian Kirk,HOU,4,8,26,6.5,13,2,0,0,0,11/2
Dyami Brown,JAX,3,7,25,8.3,16,1,0,0,0,11/2
Jonnu Smith,PIT,3,5,25,8.3,12,1,0,0,0,11/2
Adam Trautman,DEN,2,2,25,12.5,21,1,0,0,0,11/2
AJ Barner,SEA,3,4,24,8,9,1,0,1,0,11/2
Chris Brooks,GB,2,2,24,12,16,2,0,0,0,11/2
Gunner Olszewski,NYG,1,1,24,24,24,1,1,0,0,11/2
Xavier Worthy,KC,3,7,23,7.7,18,1,0,0,0,11/2
Charlie Kolar,BAL,2,2,23,11.5,20,2,1,0,0,11/2
Jakobi Meyers,JAX,4,6,23,5.8,7,1,0,0,0,11/2
Nick Westbrook-Ikhine,MIA,2,4,22,11,17,2,0,0,0,11/2
Mark Andrews,BAL,2,3,22,11,20,2,2,0,0,11/2
Caleb Williams,CHI,2,2,22,11,20,2,1,0,0,11/2
Kyle Monangai,CHI,3,5,22,7.3,11,2,0,0,0,11/2
Xavier Legette,CAR,1,3,22,22,22,1,0,0,0,11/2
Van Jefferson,TEN,1,4,21,21,21,1,0,0,0,11/2
Skyy Moore,SF,1,1,21,21,21,1,0,0,0,11/2
Zach Charbonnet,SEA,1,1,21,21,21,1,0,0,0,11/2
Aaron Jones Sr.,MIN,2,2,20,10,14,1,0,0,0,11/2
Tucker Kraft,GB,2,3,20,10,10,1,0,0,0,11/2
Austin Hooper,NE,1,1,20,20,20,1,0,0,0,11/2
John Bates,WAS,2,4,20,10,10,2,0,0,0,11/2
Pat Bryant,DEN,2,3,20,10,13,2,0,0,0,11/2
Bam Knight,ARI,2,2,20,10,12,2,0,0,0,11/2
Tyrone Tracy Jr.,NYG,3,4,19,6.3,10,2,0,0,0,11/2
Jordan Watkins,SF,1,1,19,19,19,1,0,0,0,11/2
Kenneth Walker III,SEA,2,2,19,9.5,14,1,0,0,0,11/2
Jackson Hawes,BUF,1,2,18,18,18,1,0,0,0,11/2
Tre' Harris,LAC,2,2,18,9,15,2,0,0,0,11/2
Keon Coleman,BUF,2,2,17,8.5,11,1,0,0,0,11/2
Jalen Nailor,MIN,1,4,16,16,16,1,0,0,0,11/2
Michael Bandy,DEN,1,1,16,16,16,1,0,1,1,11/2
Brandin Cooks,NO,2,3,16,8,10,1,0,0,0,11/2
Gunnar Helm,TEN,1,1,15,15,15,1,0,0,0,11/2
Tim Jones,JAX,1,1,15,15,15,1,0,0,0,11/2
Darnell Mooney,ATL,1,2,15,15,15,1,0,0,0,11/2
Raheem Mostert,LV,1,1,14,14,14,1,0,0,0,11/2
Treylon Burks,WAS,1,1,14,14,14,1,0,0,0,11/2
Luke Schoonmaker,DAL,1,2,14,14,14,1,0,0,0,11/2
Justice Hill,BAL,2,2,13,6.5,9,1,0,0,0,11/2
Rashod Bateman,BAL,2,4,13,6.5,9,1,1,0,0,11/2
Josh Jacobs,GB,4,5,13,3.3,7,0,0,0,0,11/2
Tyler Higbee,LAR,3,4,13,4.3,8,2,1,0,0,11/2
Savion Williams,GB,2,2,12,6,6,1,0,1,1,11/2
Tony Pollard,TEN,1,2,12,12,12,1,0,0,0,11/2
Xavier Smith,LAR,2,3,12,6,7,1,0,0,0,11/2
Ryan Flournoy,DAL,2,2,12,6,7,2,1,0,0,11/2
Ty Johnson,BUF,2,2,12,6,9,1,0,0,0,11/2
Tucker Fisk,LAC,1,1,12,12,12,1,0,0,0,11/2
Kyle Juszczyk,SF,1,2,12,12,12,1,0,0,0,11/2
Jonathan Taylor,IND,2,2,12,6,7,0,0,0,0,11/2
Tahj Washington,MIA,1,2,11,11,11,0,0,1,1,11/2
James Cook III,BUF,1,1,11,11,11,1,0,0,0,11/2
Brock Wright,DET,1,1,11,11,11,1,0,0,0,11/2
T.J. Hockenson,MIN,2,3,11,5.5,7,1,1,0,0,11/2
Malik Heath,GB,1,1,11,11,11,1,0,0,0,11/2
Rico Dowdle,CAR,2,3,11,5.5,8,1,0,0,0,11/2
David Montgomery,DET,2,4,10,5,13,1,0,1,1,11/2
KaVontae Turpin,DAL,2,3,10,5,6,0,0,0,0,11/2
Cole Kmet,CHI,1,2,10,10,10,1,0,0,0,11/2
Chig Okonkwo,TEN,2,2,10,5,6,0,0,0,0,11/2
Colby Parkinson,LAR,2,2,10,5,8,0,0,0,0,11/2
Terrell Jennings,NE,1,1,9,9,9,0,0,0,0,11/2
Luke Farrell,SF,1,1,9,9,9,1,0,0,0,11/2
Matthew Golden,GB,2,3,9,4.5,6,0,0,0,0,11/2
Jalen Coker,CAR,1,1,9,9,9,1,0,0,0,11/2
Ian Thomas,LV,1,1,9,9,9,0,0,0,0,11/2
Mack Hollins,NE,2,2,9,4.5,5,1,0,0,0,11/2
Kaleb Johnson,PIT,1,1,9,9,9,0,0,0,0,11/2
Brycen Tremayne,CAR,1,1,8,8,8,0,0,0,0,11/2
Devin Singletary,NYG,2,2,8,4,6,0,0,0,0,11/2
Tyler Goodson,IND,1,2,8,8,8,0,0,0,0,11/2
Cedrick Wilson Jr.,MIA,1,1,7,7,7,1,0,0,0,11/2
Keaton Mitchell,BAL,1,1,7,7,7,0,0,0,0,11/2
Tyrell Shavers,BUF,1,1,7,7,7,0,0,0,0,11/2
Adonai Mitchell,IND,1,1,7,7,7,0,0,0,0,11/2
Curtis Samuel,BUF,1,1,6,6,6,0,0,0,0,11/2
Kareem Hunt,KC,1,2,6,6,6,0,0,0,0,11/2
Hunter Long,JAX,1,3,6,6,6,0,0,0,0,11/2
DK Metcalf,PIT,2,4,6,3,6,0,0,0,0,11/2
Tyler Badie,DEN,2,3,6,3,12,1,0,0,0,11/2
Ja'Tavion Sanders,CAR,1,1,5,5,5,0,0,0,0,11/2
Chimere Dike,TEN,1,3,5,5,5,0,0,0,0,11/2
Ray-Ray McCloud,NYG,1,1,5,5,5,0,0,0,0,11/2
Roman Wilson,PIT,1,2,4,4,4,0,0,1,1,11/2
Jayden Higgins,HOU,1,1,4,4,4,0,0,0,0,11/2
Alvin Kamara,NO,1,3,3,3,3,0,0,1,1,11/2
Ollie Gordon II,MIA,1,1,3,3,3,0,0,0,0,11/2
Jahmyr Gibbs,DET,3,3,3,1,6,0,0,0,0,11/2
Jacory Croskey-Merritt,WAS,1,1,3,3,3,0,0,0,0,11/2
Dare Ogunbowale,HOU,1,1,2,2,2,0,0,0,0,11/2
Derrick Henry,BAL,1,1,2,2,2,0,0,0,0,11/2
JuJu Smith-Schuster,KC,1,1,2,2,2,0,0,0,0,11/2
Scott Matlock,LAC,1,1,2,2,2,1,1,0,0,11/2
Ameer Abdullah,IND,1,1,2,2,2,0,0,0,0,11/2
Harrison Bryant,HOU,1,2,2,2,2,0,0,0,0,11/2
Emanuel Wilson,GB,1,2,1,1,1,0,0,0,0,11/2
Jordan Mason,MIN,1,1,1,1,1,0,0,0,0,11/2
Jimmy Horn Jr.,CAR,1,2,1,1,1,0,0,0,0,11/2
LeQuint Allen Jr.,JAX,1,1,1,1,1,0,0,0,0,11/2
Devin Neal,NO,1,1,1,1,1,0,0,0,0,11/2
Brashard Smith,KC,0,1,0,-,-,0,0,0,0,11/2
Chuba Hubbard,CAR,0,1,0,-,-,0,0,0,0,11/2
Kimani Vidal,LAC,0,1,0,-,-,0,0,1,0,11/2
Javonte Williams,DAL,1,1,0,0,0,0,0,1,1,11/2
Dee Eskridge,MIA,0,1,0,-,-,0,0,0,0,11/2
Tucker Kraft,GB,7,9,143,20.4,59,5,2,0,0,10/26
Rome Odunze,CHI,7,10,114,16.3,27,7,0,0,0,10/26
Travis Kelce,KC,6,8,99,16.5,38,5,1,0,0,10/26
Jaylen Waddle,MIA,5,6,99,19.8,43,4,1,0,0,10/26
Tetairoa McMillan,CAR,7,10,99,14.1,19,7,0,0,0,10/26
Michael Pittman Jr.,IND,8,9,95,11.9,21,5,1,0,0,10/26
Rashee Rice,KC,9,9,93,10.3,25,5,1,1,0,10/26
Chimere Dike,TEN,7,8,93,13.3,21,5,0,0,0,10/26
Ja'Marr Chase,CIN,12,19,91,7.6,17,5,0,0,0,10/26
Troy Franklin,DEN,6,8,89,14.8,26,5,2,0,0,10/26
Mack Hollins,NE,7,7,89,12.7,21,4,0,0,0,10/26
Ladd McConkey,LAC,6,10,88,14.7,27,4,1,0,0,10/26
Khalil Shakir,BUF,6,7,88,14.7,54,3,1,0,0,10/26
Christian Watson,GB,4,4,85,21.3,33,3,0,0,0,10/26
DeVonta Smith,PHI,6,9,84,14,26,5,0,0,0,10/26
George Pickens,DAL,7,9,78,11.1,17,5,0,0,0,10/26
Oronde Gadsden,LAC,5,5,77,15.4,40,3,1,0,0,10/26
Rashid Shaheed,NO,9,12,75,8.3,10,4,0,1,1,10/26
Kayshon Boutte,NE,3,5,75,25,39,2,1,0,0,10/26
Justin Jefferson,MIN,7,11,74,10.6,17,3,0,0,0,10/26
CeeDee Lamb,DAL,7,10,74,10.6,29,3,0,0,0,10/26
Roman Wilson,PIT,4,5,74,18.5,45,3,1,0,0,10/26
DJ Moore,CHI,4,7,73,18.3,42,3,0,0,0,10/26
Alec Pierce,IND,2,5,69,34.5,50,2,0,0,0,10/26
Xavier Hutchinson,HOU,5,6,69,13.8,30,3,1,0,0,10/26
Courtland Sutton,DEN,4,6,67,16.8,39,3,0,0,0,10/26
Tyler Johnson,NYJ,3,5,64,21.3,34,3,1,0,0,10/26
Jeremy McNichols,WAS,5,6,64,12.8,24,3,0,0,0,10/26
Chris Olave,NO,8,12,63,7.9,28,1,0,0,0,10/26
Zay Flowers,BAL,7,9,63,9,20,4,0,0,0,10/26
Jaylin Noel,HOU,5,6,63,12.6,44,4,0,0,0,10/26
Harold Fannin Jr.,CLE,6,8,62,10.3,19,2,1,0,0,10/26
Kyle Pitts Sr.,ATL,9,9,59,6.6,24,1,0,0,0,10/26
DK Metcalf,PIT,5,7,55,11,24,4,1,0,0,10/26
Terry McLaurin,WAS,3,4,54,18,25,3,1,0,0,10/26
Chig Okonkwo,TEN,4,5,53,13.3,23,2,0,0,0,10/26
Tyler Warren,IND,4,5,53,13.3,20,3,0,0,0,10/26
Juwan Johnson,NO,5,8,53,10.6,16,4,0,0,0,10/26
Xavier Worthy,KC,5,7,53,10.6,27,2,0,0,0,10/26
Elic Ayomanor,TEN,4,8,52,13,26,2,0,0,0,10/26
Rashod Bateman,BAL,2,4,51,25.5,36,1,0,0,0,10/26
Woody Marks,HOU,4,4,49,12.3,50,1,0,0,0,10/26
Wan'Dale Robinson,NYG,3,4,48,16,34,1,0,0,0,10/26
Jalen Tolbert,DAL,2,2,47,23.5,35,2,1,0,0,10/26
Jauan Jennings,SF,4,7,45,11.3,25,1,0,0,0,10/26
Keenan Allen,LAC,4,5,44,11,17,4,0,0,0,10/26
Tee Higgins,CIN,1,2,44,44,44,1,1,0,0,10/26
Isaiah Davis,NYJ,5,5,44,8.8,26,1,0,0,0,10/26
DeMario Douglas,NE,1,1,44,44,44,1,0,0,0,10/26
Romeo Doubs,GB,3,6,44,14.7,24,3,0,0,0,10/26
Kendrick Bourne,SF,3,4,44,14.7,18,2,0,0,0,10/26
Tez Johnson,TB,5,6,43,8.6,16,3,0,0,0,10/26
Christian McCaffrey,SF,3,6,43,14.3,27,3,0,0,0,10/26
George Kittle,SF,4,5,43,10.8,17,2,1,0,0,10/26
Noah Fant,CIN,3,3,41,13.7,16,3,0,0,0,10/26
Pat Bryant,DEN,2,4,40,20,24,2,1,0,0,10/26
Cade Otton,TB,4,5,40,10,21,2,0,0,0,10/26
Jahan Dotson,PHI,1,2,40,40,40,1,1,0,0,10/26
Josh Downs,IND,3,3,39,13,18,3,1,0,0,10/26
Colston Loveland,CHI,3,5,38,12.7,18,2,0,0,0,10/26
Austin Hooper,NE,2,2,38,19,31,1,0,0,0,10/26
Braxton Berrios,HOU,5,5,38,7.6,14,3,0,0,0,10/26
David Njoku,CLE,4,5,37,9.3,20,2,1,0,0,10/26
Malik Washington,MIA,4,5,36,9,17,2,1,0,0,10/26
Evan Engram,DEN,4,4,36,9,11,4,0,0,0,10/26
Jalen Coker,CAR,3,4,36,12,22,3,0,0,0,10/26
Emeka Egbuka,TB,3,9,35,11.7,24,1,0,0,0,10/26
Mark Andrews,BAL,3,3,34,11.3,24,1,0,1,0,10/26
Mason Taylor,NYJ,5,8,34,6.8,15,4,1,0,0,10/26
Jayden Higgins,HOU,4,8,34,8.5,12,3,1,0,0,10/26
Olamide Zaccheaus,CHI,7,7,33,4.7,6,0,0,0,0,10/26
Chase Brown,CIN,3,3,32,10.7,19,1,1,0,0,10/26
KhaDarel Hodge,ATL,3,8,31,10.3,16,2,0,0,0,10/26
Isaiah Williams,NYJ,3,4,31,10.3,15,2,0,0,0,10/26
Jamari Thrash,CLE,2,3,31,15.5,21,2,0,0,0,10/26
Keon Coleman,BUF,3,4,30,10,14,3,0,0,0,10/26
Dylan Sampson,CLE,5,6,29,5.8,11,1,0,0,0,10/26
Malik Heath,GB,3,3,29,9.7,13,2,0,0,0,10/26
JuJu Smith-Schuster,KC,2,2,29,14.5,24,2,0,0,0,10/26
Devin Singletary,NYG,1,1,28,28,28,1,0,0,0,10/26
Dallas Goedert,PHI,3,3,28,9.3,17,2,2,0,0,10/26
Calvin Austin III,PIT,4,6,28,7,13,1,0,0,0,10/26
Emanuel Wilson,GB,3,4,26,8.7,14,1,0,1,0,10/26
T.J. Hockenson,MIN,2,3,26,13,14,2,0,0,0,10/26
Jordan Addison,MIN,3,4,26,8.7,15,2,1,0,0,10/26
Rachaad White,TB,2,2,26,13,17,2,0,0,0,10/26
Darius Slayton,NYG,2,5,26,13,19,1,0,0,0,10/26
D'Andre Swift,CHI,2,2,26,13,25,1,0,0,0,10/26
Luke Schoonmaker,DAL,2,3,25,12.5,14,2,0,0,0,10/26
Casey Washington,ATL,1,1,25,25,25,1,0,0,0,10/26
Luke McCaffrey,WAS,3,3,24,8,17,1,0,0,0,10/26
De'Von Achane,MIA,5,7,24,4.8,10,2,1,0,0,10/26
Jeremy Ruckert,NYJ,1,1,24,24,24,1,0,0,0,10/26
Alvin Kamara,NO,2,2,24,12,15,1,0,0,0,10/26
Saquon Barkley,PHI,4,5,24,6,12,2,1,0,0,10/26
Dalton Schultz,HOU,2,3,24,12,17,1,0,0,0,10/26
Bijan Robinson,ATL,3,3,23,7.7,17,1,0,1,1,10/26
Arian Smith,NYJ,1,1,23,23,23,1,0,0,0,10/26
Tyjae Spears,TEN,3,3,23,7.7,17,1,0,0,0,10/26
Gunnar Helm,TEN,2,3,23,11.5,22,2,1,0,0,10/26
Dalton Kincaid,BUF,1,3,23,23,23,1,0,0,0,10/26
Noah Gray,KC,2,4,23,11.5,15,1,0,0,0,10/26
Brandin Cooks,NO,3,4,22,7.3,11,2,0,0,0,10/26
John Bates,WAS,1,1,22,22,22,1,0,0,0,10/26
Ben Sinnott,WAS,1,1,22,22,22,1,0,0,0,10/26
Jonathan Taylor,IND,2,2,21,10.5,19,1,1,0,0,10/26
Daniel Bellinger,NYG,1,1,21,21,21,1,0,0,0,10/26
Ollie Gordon II,MIA,1,1,20,20,20,1,1,0,0,10/26
Theo Johnson,NYG,3,4,20,6.7,12,2,0,0,0,10/26
Jared Wayne,HOU,2,2,20,10,17,1,0,0,0,10/26
Ja'Tavion Sanders,CAR,3,3,19,6.3,9,0,0,0,0,10/26
Nick Westbrook-Ikhine,MIA,1,3,18,18,18,1,0,0,0,10/26
Cam Skattebo,NYG,1,2,18,18,18,1,1,0,0,10/26
Beaux Collins,NYG,1,2,18,18,18,1,0,0,0,10/26
Jonnu Smith,PIT,2,3,17,8.5,10,0,0,0,0,10/26
Xavier Legette,CAR,2,3,17,8.5,11,1,0,0,0,10/26
Zach Ertz,WAS,4,6,16,4,5,0,0,0,0,10/26
Aaron Jones Sr.,MIN,2,4,15,7.5,13,1,0,0,0,10/26
Rhamondre Stevenson,NE,1,2,15,15,15,1,0,0,0,10/26
Dawson Knox,BUF,1,1,15,15,15,0,0,0,0,10/26
Jackson Hawes,BUF,2,3,15,7.5,12,2,0,0,0,10/26
Stefon Diggs,NE,3,5,14,4.7,8,1,1,0,0,10/26
David Sills V,ATL,2,3,14,7,12,0,0,0,0,10/26
Breece Hall,NYJ,2,3,14,7,11,1,0,0,0,10/26
Tyrone Tracy Jr.,NYG,2,3,14,7,9,1,0,0,0,10/26
Elijah Moore,BUF,1,4,14,14,14,1,0,0,0,10/26
DeAndre Hopkins,BAL,1,1,14,14,14,1,0,0,0,10/26
Pat Freiermuth,PIT,3,4,13,4.3,6,0,0,0,0,10/26
Ben Skowronek,PIT,1,1,13,13,13,1,0,0,0,10/26
Nick Chubb,HOU,2,2,13,6.5,8,0,0,0,0,10/26
Josh Jacobs,GB,3,3,12,4,8,0,0,0,0,10/26
Devin Neal,NO,3,3,11,3.7,8,0,0,0,0,10/26
Deebo Samuel,WAS,3,6,11,3.7,6,0,0,0,0,10/26
Darnell Mooney,ATL,1,4,11,11,11,1,0,0,0,10/26
Jaylen Warren,PIT,2,3,11,5.5,11,1,0,0,0,10/26
Charlie Kolar,BAL,1,1,10,10,10,1,1,0,0,10/26
Kimani Vidal,LAC,1,2,10,10,10,1,0,0,0,10/26
Tyler Allgeier,ATL,2,2,10,5,6,1,0,0,0,10/26
J.K. Dobbins,DEN,2,2,10,5,6,0,0,0,0,10/26
Devaughn Vele,NO,1,5,10,10,10,1,0,0,0,10/26
Andrew Beck,NYJ,1,1,9,9,9,0,0,0,0,10/26
Brevyn Spann-Ford,DAL,1,1,9,9,9,0,0,0,0,10/26
Tanner Hudson,CIN,1,2,9,9,9,1,0,0,0,10/26
Tony Pollard,TEN,1,2,9,9,9,1,0,0,0,10/26
Dare Ogunbowale,HOU,1,1,8,8,8,0,0,0,0,10/26
Zavier Scott,MIN,2,2,8,4,5,1,0,0,0,10/26
Tre' Harris,LAC,2,2,8,4,6,1,1,0,0,10/26
Javonte Williams,DAL,1,2,8,8,8,0,0,0,0,10/26
Sterling Shepard,TB,1,2,8,8,8,0,0,0,0,10/26
Savion Williams,GB,1,1,8,8,8,1,1,0,0,10/26
Isaiah Likely,BAL,2,2,8,4,5,0,0,0,0,10/26
Ryan Flournoy,DAL,1,2,7,7,7,0,0,0,0,10/26
Hunter Henry,NE,1,1,7,7,7,1,1,0,0,10/26
Jordan Watkins,SF,1,2,7,7,7,0,0,0,0,10/26
Tanner Conner,MIA,2,2,6,3,5,0,0,0,0,10/26
Samaje Perine,CIN,1,1,6,6,6,0,0,0,0,10/26
Van Jefferson,TEN,1,8,6,6,6,0,0,0,0,10/26
Taysom Hill,NO,1,1,6,6,6,0,0,0,0,10/26
Tylan Wallace,BAL,1,1,6,6,6,0,0,0,0,10/26
Ben Yurosek,MIN,1,2,5,5,5,0,0,0,0,10/26
Allen Lazard,NYJ,1,2,5,5,5,0,0,0,0,10/26
RJ Harvey,DEN,1,1,5,5,5,1,1,0,0,10/26
Luke Musgrave,GB,1,1,5,5,5,0,0,0,0,10/26
Demarcus Robinson,SF,2,3,5,2.5,6,1,0,0,0,10/26
Kenneth Gainwell,PIT,2,2,4,2,3,0,0,1,1,10/26
John FitzPatrick,GB,1,1,4,4,4,0,0,0,0,10/26
Matthew Golden,GB,3,3,4,1.3,4,1,0,0,0,10/26
Spencer Anderson,PIT,1,1,4,4,4,0,0,0,0,10/26
Tommy Tremble,CAR,1,1,4,4,4,0,0,0,0,10/26
Kyle Juszczyk,SF,1,2,4,4,4,0,0,0,0,10/26
Jordan Mason,MIN,1,1,3,3,3,0,0,0,0,10/26
Ameer Abdullah,IND,1,1,3,3,3,0,0,0,0,10/26
Xavier Gipson,PHI,1,1,3,3,3,0,0,0,0,10/26
Jake Tonges,SF,1,1,2,2,2,1,1,0,0,10/26
Cedrick Wilson Jr.,MIA,1,1,2,2,2,0,0,0,0,10/26
Devin Duvernay,CHI,1,3,2,2,2,0,0,0,0,10/26
Kareem Hunt,KC,1,1,2,2,2,1,1,0,0,10/26
Jake Ferguson,DAL,0,1,0,-,-,0,0,0,0,10/26
Drew Ogletree,IND,0,1,0,-,-,0,0,0,0,10/26
Isaiah Bond,CLE,0,4,0,-,-,0,0,0,0,10/26
Chuba Hubbard,CAR,0,1,0,-,-,0,0,0,0,10/26
Hollywood Brown,KC,0,1,0,-,-,0,0,0,0,10/26
Jaylin Lane,WAS,1,2,0,0,0,0,0,0,0,10/26
Adam Thielen,MIN,0,2,0,-,-,0,0,0,0,10/26
Jalen Nailor,MIN,0,1,0,-,-,0,0,0,0,10/26
Alec Ingold,MIA,1,1,0,0,0,0,0,0,0,10/26
Jaylen Wright,MIA,1,1,0,0,0,0,0,0,0,10/26
Andrei Iosivas,CIN,0,3,0,-,-,0,0,0,0,10/26
Marvin Mims Jr.,DEN,0,1,0,-,-,0,0,0,0,10/26
Nate Adkins,DEN,0,1,0,-,-,0,0,0,0,10/26
Adonai Mitchell,IND,0,1,0,-,-,0,0,0,0,10/26
Jerry Jeudy,CLE,0,2,0,-,-,0,0,0,0,10/26
Foster Moreau,NO,0,1,0,-,-,0,0,0,0,10/26
Jack Stoll,NO,0,1,0,-,-,0,0,0,0,10/26
Mason Tipton,NO,0,1,0,-,-,0,0,0,0,10/26
Ray Davis,BUF,0,1,0,-,-,0,0,0,0,10/26
Jimmy Horn Jr.,CAR,0,1,0,-,-,0,0,0,0,10/26
Derrick Henry,BAL,0,1,0,-,-,0,0,0,0,10/26
Skyy Moore,SF,0,1,0,-,-,0,0,0,0,10/26
Harrison Bryant,HOU,0,1,0,-,-,0,0,0,0,10/26
DeVonta Smith,PHI,9,11,183,20.3,79,5,1,0,0,10/19
Oronde Gadsden,LAC,7,9,164,23.4,53,5,1,0,0,10/19
Ja'Marr Chase,CIN,16,23,161,10.1,18,9,1,0,0,10/19
Jordan Addison,MIN,9,12,128,14.2,34,6,0,0,0,10/19
Jaxon Smith-Njigba,SEA,8,14,123,15.4,26,6,1,0,0,10/19
A.J. Brown,PHI,4,6,121,30.3,45,4,2,0,0,10/19
Keenan Allen,LAC,11,14,119,10.8,30,7,1,0,0,10/19
Pat Freiermuth,PIT,5,6,111,22.2,68,3,2,0,0,10/19
CeeDee Lamb,DAL,5,8,110,22,74,3,1,0,0,10/19
Travis Hunter,JAX,8,14,101,12.6,34,5,1,0,0,10/19
Chris Olave,NO,5,7,98,19.6,57,3,2,0,0,10/19
Alec Pierce,IND,5,10,98,19.6,48,4,0,0,0,10/19
Dalton Schultz,HOU,9,10,98,10.9,22,6,0,0,0,10/19
Tee Higgins,CIN,6,10,96,16,29,3,1,0,0,10/19
Wan'Dale Robinson,NYG,6,12,95,15.8,23,5,0,0,0,10/19
Xavier Legette,CAR,9,11,92,10.2,33,4,1,0,0,10/19
Daniel Bellinger,NYG,3,4,88,29.3,44,3,1,0,0,10/19
Courtland Sutton,DEN,6,10,87,14.5,32,4,0,0,0,10/19
Amon-Ra St. Brown,DET,6,10,86,14.3,27,3,1,0,0,10/19
Marvin Mims Jr.,DEN,6,7,85,14.2,31,3,0,0,0,10/19
George Pickens,DAL,4,6,82,20.5,44,3,0,0,0,10/19
Jahmyr Gibbs,DET,3,3,82,27.3,30,3,0,0,0,10/19
Juwan Johnson,NO,5,7,79,15.8,29,3,0,0,0,10/19
Justin Jefferson,MIN,5,10,79,15.8,40,3,0,0,0,10/19
Jaylin Noel,HOU,4,7,77,19.3,29,3,0,0,0,10/19
Trey McBride,ARI,10,13,74,7.4,15,4,2,0,0,10/19
Romeo Doubs,GB,6,8,72,12,22,3,0,0,0,10/19
Christian McCaffrey,SF,7,8,72,10.3,17,5,0,0,0,10/19
Chimere Dike,TEN,4,4,70,17.5,38,3,1,0,0,10/19
Stefon Diggs,NE,7,7,69,9.9,24,3,0,0,0,10/19
Tyler Warren,IND,4,5,69,17.3,29,3,1,0,0,10/19
Darnell Mooney,ATL,3,5,68,22.7,38,3,0,0,0,10/19
Zay Jones,ARI,2,2,67,33.5,43,2,0,0,0,10/19
Ladd McConkey,LAC,9,15,67,7.4,15,3,0,0,0,10/19
Theo Johnson,NYG,3,7,66,22,41,2,1,0,0,10/19
Cade Otton,TB,7,9,65,9.3,20,4,0,0,0,10/19
Kyle Pitts Sr.,ATL,7,10,62,8.9,19,4,0,0,0,10/19
Jaylin Lane,WAS,3,6,60,20,35,2,0,0,0,10/19
Tyler Johnson,NYJ,3,3,60,20,35,2,0,0,0,10/19
Chris Moore,WAS,2,5,59,29.5,44,2,0,0,0,10/19
Tucker Kraft,GB,5,10,58,11.6,22,4,1,0,0,10/19
Marvin Harrison Jr.,ARI,2,6,58,29,35,2,0,0,0,10/19
Michael Pittman Jr.,IND,7,9,58,8.3,16,5,1,0,0,10/19
Emeka Egbuka,TB,4,12,58,14.5,30,2,0,0,0,10/19
Tez Johnson,TB,4,9,58,14.5,22,3,1,0,0,10/19
Kayshon Boutte,NE,2,2,55,27.5,39,2,1,0,0,10/19
Travis Kelce,KC,3,3,54,18,44,1,0,0,0,10/19
Bijan Robinson,ATL,6,8,52,8.7,15,3,1,0,0,10/19
Parker Washington,JAX,4,10,52,13,25,2,0,0,0,10/19
DK Metcalf,PIT,3,5,50,16.7,39,1,0,0,0,10/19
Dyami Brown,JAX,2,4,50,25,39,2,0,0,0,10/19
Andrei Iosivas,CIN,3,4,49,16.3,37,1,0,0,0,10/19
Mack Hollins,NE,2,2,49,24.5,27,2,0,0,0,10/19
Colby Parkinson,LAR,3,3,47,15.7,23,2,0,0,0,10/19
Dee Eskridge,MIA,2,2,45,22.5,40,2,0,1,1,10/19
Noah Fant,CIN,4,4,44,11,25,3,1,0,0,10/19
DJ Moore,CHI,3,5,43,14.3,26,2,0,0,0,10/19
Tony Pollard,TEN,6,6,43,7.2,10,3,0,0,0,10/19
T.J. Hockenson,MIN,6,9,43,7.2,10,1,0,0,0,10/19
Elijah Arroyo,SEA,4,5,42,10.5,27,2,0,1,1,10/19
Evan Engram,DEN,5,8,42,8.4,20,2,0,0,0,10/19
Rashee Rice,KC,7,10,42,6,12,4,2,0,0,10/19
Brashard Smith,KC,5,5,42,8.4,17,2,0,0,0,10/19
Drake London,ATL,4,10,42,10.5,19,2,0,0,0,10/19
Van Jefferson,TEN,4,4,41,10.3,15,3,0,0,0,10/19
Rashid Shaheed,NO,4,9,40,10,13,3,0,0,0,10/19
Michael Wilson,ARI,3,4,40,13.3,18,2,0,0,0,10/19
Tyquan Thornton,KC,1,2,39,39,39,1,0,0,0,10/19
Jonathan Taylor,IND,3,3,38,12.7,19,2,0,0,0,10/19
Zach Ertz,WAS,3,7,37,12.3,27,2,1,0,0,10/19
Jalen Nailor,MIN,2,4,37,18.5,26,2,0,0,0,10/19
Matthew Golden,GB,4,4,37,9.3,17,3,0,0,0,10/19
Harold Fannin Jr.,CLE,4,5,36,9,19,2,0,0,0,10/19
Robbie Chosen,WAS,4,4,36,9,13,1,0,0,0,10/19
Gunnar Helm,TEN,4,5,36,9,13,3,0,0,0,10/19
Xavier Worthy,KC,3,4,35,11.7,15,2,0,0,0,10/19
JuJu Smith-Schuster,KC,3,3,35,11.7,19,3,0,0,0,10/19
Davante Adams,LAR,5,8,35,7,16,5,3,0,0,10/19
Cam Skattebo,NYG,3,6,34,11.3,13,2,1,0,0,10/19
Hunter Henry,NE,4,5,33,8.3,12,3,0,0,0,10/19
Tre Tucker,LV,5,6,33,6.6,14,2,0,0,0,10/19
Tetairoa McMillan,CAR,3,5,33,11,11,2,0,0,0,10/19
Cooper Kupp,SEA,1,1,32,32,32,1,0,0,0,10/19
Jaylen Warren,PIT,4,5,31,7.8,15,2,0,0,0,10/19
Rome Odunze,CHI,2,6,31,15.5,20,2,0,0,0,10/19
Mason Taylor,NYJ,3,5,31,10.3,13,2,0,0,0,10/19
Jauan Jennings,SF,4,7,31,7.8,13,2,0,0,0,10/19
Terrance Ferguson,LAR,1,3,31,31,31,1,1,0,0,10/19
Brian Thomas Jr.,JAX,3,7,31,10.3,24,1,0,0,0,10/19
Malik Washington,MIA,5,8,30,6,14,1,0,0,0,10/19
Quentin Johnston,LAC,2,6,30,15,23,1,1,0,0,10/19
Josh Reynolds,NYJ,3,9,29,9.7,12,1,0,0,0,10/19
Jake Ferguson,DAL,7,7,29,4.1,15,3,2,0,0,10/19
Elic Ayomanor,TEN,2,5,29,14.5,20,1,0,0,0,10/19
Jonnu Smith,PIT,3,6,28,9.3,10,3,1,0,0,10/19
Tanner Conner,MIA,1,3,28,28,28,1,0,0,0,10/19
Noah Gray,KC,1,1,28,28,28,1,0,0,0,10/19
Nico Collins,HOU,4,10,27,6.8,14,2,0,0,0,10/19
Sterling Shepard,TB,7,7,25,3.6,11,2,0,1,1,10/19
Michael Carter,ARI,2,2,25,12.5,14,2,0,0,0,10/19
Colston Loveland,CHI,3,4,24,8,9,2,0,0,0,10/19
Chuba Hubbard,CAR,2,3,24,12,26,1,0,0,0,10/19
Mitchell Evans,CAR,2,3,24,12,13,2,0,0,0,10/19
Jamari Thrash,CLE,1,2,23,23,23,1,0,0,0,10/19
Jeremy McNichols,WAS,2,3,23,11.5,12,1,0,0,0,10/19
Tre' Harris,LAC,2,2,23,11.5,14,2,0,0,0,10/19
Brock Wright,DET,3,3,23,7.7,14,1,0,0,0,10/19
Luther Burden III,CHI,1,2,22,22,22,1,0,0,0,10/19
Isaiah Davis,NYJ,2,4,22,11,12,2,0,0,0,10/19
Tim Patrick,JAX,1,1,22,22,22,1,0,0,0,10/19
Woody Marks,HOU,3,5,20,6.7,9,1,1,0,0,10/19
Nate Adkins,DEN,2,3,20,10,15,1,0,0,0,10/19
Tyler Badie,DEN,2,2,19,9.5,12,2,0,0,0,10/19
Troy Franklin,DEN,3,10,19,6.3,12,2,1,0,0,10/19
Tyler Higbee,LAR,3,6,19,6.3,9,2,0,0,0,10/19
Tyler Lockett,TEN,2,2,18,9,13,1,0,0,0,10/19
Tyjae Spears,TEN,3,4,18,6,11,0,0,0,0,10/19
Dallas Goedert,PHI,3,3,18,6,11,0,0,0,0,10/19
David Montgomery,DET,2,3,18,9,15,1,0,0,0,10/19
Roman Wilson,PIT,2,2,17,8.5,13,1,0,0,0,10/19
Jerry Jeudy,CLE,2,4,17,8.5,16,1,0,0,0,10/19
Malachi Corley,CLE,2,2,17,8.5,17,1,0,0,0,10/19
KaVontae Turpin,DAL,1,1,17,17,17,1,0,0,0,10/19
DeMario Douglas,NE,3,3,17,5.7,12,2,0,0,0,10/19
Rico Dowdle,CAR,1,2,17,17,17,1,0,0,0,10/19
Casey Washington,ATL,1,2,17,17,17,1,0,0,0,10/19
Kalif Raymond,DET,3,3,17,5.7,8,0,0,0,0,10/19
Nick Westbrook-Ikhine,MIA,3,4,16,5.3,11,1,0,0,0,10/19
De'Von Achane,MIA,3,5,16,5.3,16,1,0,0,0,10/19
Hunter Long,JAX,2,3,16,8,9,0,0,1,0,10/19
Cole Kmet,CHI,1,1,16,16,16,1,0,0,0,10/19
Jalen Tolbert,DAL,1,2,16,16,16,1,0,0,0,10/19
Allen Lazard,NYJ,2,3,16,8,9,1,0,0,0,10/19
Jaylen Waddle,MIA,1,4,15,15,15,1,0,0,0,10/19
Kimani Vidal,LAC,4,5,15,3.8,8,1,0,0,0,10/19
Skyy Moore,SF,1,1,15,15,15,1,0,0,0,10/19
Xavier Smith,LAR,2,3,15,7.5,9,0,0,0,0,10/19
Sam LaPorta,DET,3,3,15,5,9,1,0,0,0,10/19
Hollywood Brown,KC,2,4,14,7,8,2,1,1,0,10/19
D'Andre Swift,CHI,1,1,14,14,14,1,0,0,0,10/19
Breece Hall,NYJ,2,3,14,7,8,0,0,0,0,10/19
Kendrick Bourne,SF,2,2,14,7,10,1,0,0,0,10/19
Ryan Miller,TB,1,1,14,14,14,0,0,0,0,10/19
Kyle Monangai,CHI,2,3,13,6.5,7,1,0,0,0,10/19
Ashton Jeanty,LV,1,1,13,13,13,0,0,0,0,10/19
Jack Bech,LV,2,2,13,6.5,7,0,0,0,0,10/19
Xavier Hutchinson,HOU,1,4,13,13,13,1,0,0,0,10/19
Taysom Hill,NO,2,2,12,6,7,0,0,0,0,10/19
Luke Farrell,SF,1,1,11,11,11,1,0,0,0,10/19
Austin Hooper,NE,2,2,11,5.5,8,1,1,0,0,10/19
Kyren Williams,LAR,2,3,11,5.5,9,1,0,0,0,10/19
Travis Etienne Jr.,JAX,1,3,11,11,11,1,0,0,0,10/19
Jerome Ford,CLE,2,2,10,5,9,1,0,0,0,10/19
Michael Mayer,LV,1,2,10,10,10,0,0,0,0,10/19
Adam Thielen,MIN,1,2,10,10,10,1,0,0,0,10/19
Kyle Juszczyk,SF,1,1,10,10,10,0,0,0,0,10/19
Dylan Sampson,CLE,1,1,9,9,9,0,0,0,0,10/19
Scotty Miller,PIT,1,1,9,9,9,0,0,0,0,10/19
Olamide Zaccheaus,CHI,2,3,9,4.5,6,0,0,0,0,10/19
Josh Oliver,MIN,1,1,9,9,9,0,0,0,0,10/19
Jordan Whittington,LAR,2,4,9,4.5,9,1,0,0,0,10/19
Johnny Mundt,JAX,1,4,9,9,9,1,0,0,0,10/19
Jimmy Horn Jr.,CAR,1,2,8,8,8,0,0,0,0,10/19
Ameer Abdullah,IND,1,1,8,8,8,0,0,0,0,10/19
Adonai Mitchell,IND,1,1,8,8,8,0,0,0,0,10/19
Will Shipley,PHI,1,1,7,7,7,0,0,0,0,10/19
Bam Knight,ARI,3,4,7,2.3,5,1,0,0,0,10/19
AJ Barner,SEA,1,3,7,7,7,0,0,0,0,10/19
Pat Bryant,DEN,1,4,6,6,6,0,0,0,0,10/19
John FitzPatrick,GB,1,1,6,6,6,0,0,0,0,10/19
Mo Alie-Cox,IND,1,2,6,6,6,0,0,0,0,10/19
Blake Corum,LAR,1,1,6,6,6,0,0,0,0,10/19
Rachaad White,TB,4,6,6,1.5,5,0,0,0,0,10/19
Zach Charbonnet,SEA,2,2,6,3,6,0,0,0,0,10/19
C.J. Ham,MIN,1,1,5,5,5,0,0,0,0,10/19
Jaydon Blue,DAL,1,1,5,5,5,0,0,0,0,10/19
John Bates,WAS,1,2,5,5,5,0,0,0,0,10/19
Dontayvion Wicks,GB,1,2,5,5,5,0,0,0,0,10/19
Greg Dortch,ARI,2,2,5,2.5,5,0,0,0,0,10/19
Konata Mumpfield,LAR,1,1,5,5,5,1,1,0,0,10/19
Blake Whiteheart,CLE,1,1,4,4,4,0,0,1,0,10/19
Davis Allen,LAR,1,1,4,4,4,1,0,0,0,10/19
LeQuint Allen Jr.,JAX,1,1,4,4,4,0,0,0,0,10/19
Hunter Luepke,DAL,1,1,3,3,3,0,0,0,0,10/19
Elijah Higgins,ARI,1,1,3,3,3,0,0,0,0,10/19
Brandin Cooks,NO,1,1,3,3,3,0,0,0,0,10/19
Carter Runyon,LV,1,1,3,3,3,0,0,0,0,10/19
Josh Jacobs,GB,1,1,3,3,3,0,0,0,0,10/19
Anthony Gould,IND,1,1,3,3,3,0,0,0,0,10/19
Jake Bobo,SEA,1,1,3,3,3,0,0,0,0,10/19
Hassan Haskins,LAC,2,2,2,1,2,0,0,0,0,10/19
Darnell Washington,PIT,3,5,2,0.7,8,2,1,0,0,10/19
Ollie Gordon II,MIA,1,2,2,2,2,0,0,0,0,10/19
Javonte Williams,DAL,1,4,2,2,2,0,0,0,0,10/19
RJ Harvey,DEN,1,2,2,2,2,1,1,0,0,10/19
Raheem Mostert,LV,1,1,2,2,2,0,0,0,0,10/19
Zavier Scott,MIN,1,1,2,2,2,0,0,0,0,10/19
Sean Tucker,TB,1,1,2,2,2,0,0,0,0,10/19
Alvin Kamara,NO,3,3,1,0.3,2,0,0,0,0,10/19
Kenneth Gainwell,PIT,2,2,1,0.5,4,0,0,0,0,10/19
George Pickens,DAL,9,11,168,18.7,45,7,1,0,0,10/12
Jaxon Smith-Njigba,SEA,8,13,162,20.3,61,6,1,0,0,10/12
Drake London,ATL,10,16,158,15.8,39,7,1,0,0,10/12
Kendrick Bourne,SF,5,9,142,28.4,56,4,0,0,0,10/12
Dallas Goedert,PHI,9,11,110,12.2,36,6,1,0,0,10/12
Ladd McConkey,LAC,7,9,100,14.3,42,4,1,0,0,10/12
Chris Olave,NO,6,10,98,16.3,53,3,0,0,0,10/12
Jaylen Waddle,MIA,6,8,95,15.8,45,4,0,0,0,10/12
DK Metcalf,PIT,4,9,95,23.8,25,4,1,0,0,10/12
Ja'Marr Chase,CIN,10,12,94,9.4,19,5,1,0,0,10/12
Kayshon Boutte,NE,5,5,93,18.6,29,5,2,0,0,10/12
Brian Thomas Jr.,JAX,8,10,90,11.3,22,5,1,0,0,10/12
Matthew Golden,GB,3,5,86,28.7,35,3,0,0,0,10/12
Wan'Dale Robinson,NYG,6,7,84,14,35,3,1,0,0,10/12
Harold Fannin Jr.,CLE,7,10,81,11.6,24,3,0,0,0,10/12
A.J. Brown,PHI,6,9,80,13.3,30,3,0,0,0,10/12
Zay Jones,ARI,5,8,79,15.8,24,4,0,0,0,10/12
Travis Kelce,KC,6,7,78,13,17,6,0,0,0,10/12
Van Jefferson,TEN,4,6,75,18.8,23,4,0,0,0,10/12
Trey McBride,ARI,8,11,72,9,26,4,1,0,0,10/12
DeMario Douglas,NE,3,4,71,23.7,53,2,1,0,0,10/12
AJ Barner,SEA,3,3,71,23.7,61,1,0,0,0,10/12
Tre Tucker,LV,5,5,70,14,37,4,0,0,0,10/12
Oronde Gadsden,LAC,7,8,68,9.7,21,3,0,1,1,10/12
Bijan Robinson,ATL,6,8,68,11.3,23,2,0,0,0,10/12
D'Andre Swift,CHI,2,3,67,33.5,55,2,1,0,0,10/12
Jameson Williams,DET,6,7,66,11,22,5,1,0,0,10/12
Kameron Johnson,TB,4,4,64,16,34,3,1,0,0,10/12
Tyler Warren,IND,6,9,63,10.5,23,4,1,0,0,10/12
Darnell Washington,PIT,3,5,62,20.7,36,3,0,1,0,10/12
Tee Higgins,CIN,5,8,62,12.4,19,5,0,0,0,10/12
Joshua Palmer,BUF,2,2,60,30,45,2,0,0,0,10/12
Jake Tonges,SF,6,7,58,9.7,16,1,0,0,0,10/12
Josh Jacobs,GB,5,5,57,11.4,29,1,0,0,0,10/12
JuJu Smith-Schuster,KC,3,3,57,19,30,2,0,0,0,10/12
Christian McCaffrey,SF,7,8,57,8.1,23,1,0,0,0,10/12
Rico Dowdle,CAR,4,5,56,14,36,3,1,1,0,10/12
Lil'Jordan Humphrey,NYG,4,8,55,13.8,34,2,0,0,0,10/12
Romeo Doubs,GB,5,9,55,11,21,4,0,0,0,10/12
Sam LaPorta,DET,5,6,55,11,26,3,1,0,0,10/12
Sterling Shepard,TB,2,3,51,25.5,36,1,0,0,0,10/12
Cade Otton,TB,5,6,51,10.2,23,2,0,0,0,10/12
Luther Burden III,CHI,4,4,51,12.8,37,1,0,0,0,10/12
Michael Mayer,LV,5,7,50,10,22,3,1,0,0,10/12
DeVonta Smith,PHI,4,5,49,12.3,16,4,0,0,0,10/12
Alec Pierce,IND,2,4,48,24,26,2,0,0,0,10/12
Zay Flowers,BAL,6,10,46,7.7,18,2,0,1,1,10/12
Chig Okonkwo,TEN,6,6,46,7.7,20,2,0,0,0,10/12
Chris Moore,WAS,3,5,46,15.3,22,3,1,0,0,10/12
Amon-Ra St. Brown,DET,9,10,45,5,12,3,0,1,0,10/12
Hollywood Brown,KC,4,4,45,11.3,20,4,2,0,0,10/12
Alvin Kamara,NO,5,5,45,9,22,1,0,0,0,10/12
Tez Johnson,TB,1,3,45,45,45,1,1,0,0,10/12
Michael Wilson,ARI,4,5,44,11,30,2,0,0,0,10/12
Demarcus Robinson,SF,2,3,44,22,31,2,0,0,0,10/12
Tucker Kraft,GB,2,2,43,21.5,24,2,1,0,0,10/12
Jerry Jeudy,CLE,5,13,43,8.6,12,4,0,0,0,10/12
Zach Ertz,WAS,6,6,43,7.2,11,3,1,0,0,10/12
Josh Downs,IND,6,7,42,7,11,3,1,0,0,10/12
Evan Engram,DEN,5,6,42,8.4,16,4,0,0,0,10/12
DJ Moore,CHI,3,5,42,14,17,2,0,0,0,10/12
Cooper Kupp,SEA,2,3,40,20,29,2,1,0,0,10/12
Tyler Higbee,LAR,4,4,40,10,24,2,1,0,0,10/12
Jakobi Meyers,LV,4,4,39,9.8,16,2,0,0,0,10/12
Tommy Tremble,CAR,4,4,39,9.8,16,1,0,0,0,10/12
Davante Adams,LAR,4,9,39,9.8,21,3,0,0,0,10/12
David Montgomery,DET,2,2,37,18.5,23,2,0,0,0,10/12
Kyren Williams,LAR,2,2,37,18.5,30,1,0,0,0,10/12
Jaylin Lane,WAS,1,2,37,37,37,1,0,0,0,10/12
Jimmy Horn Jr.,CAR,2,2,36,18,34,1,0,0,0,10/12
Elijah Higgins,ARI,2,2,34,17,24,2,0,0,0,10/12
Khalil Shakir,BUF,3,5,33,11,15,1,0,0,0,10/12
Luke McCaffrey,WAS,1,1,33,33,33,1,1,0,0,10/12
Jake Ferguson,DAL,3,3,33,11,19,2,1,0,0,10/12
Marvin Harrison Jr.,ARI,2,2,32,16,21,1,0,0,0,10/12
Rome Odunze,CHI,2,5,32,16,21,2,0,0,0,10/12
Julian Hill,MIA,3,3,31,10.3,14,1,0,0,0,10/12
Marvin Mims Jr.,DEN,2,3,30,15,26,1,0,1,0,10/12
Michael Carter,ARI,2,5,30,15,16,2,0,0,0,10/12
Ryan Flournoy,DAL,3,6,30,10,13,2,0,0,0,10/12
Jeremy McNichols,WAS,3,4,30,10,15,2,0,0,0,10/12
Parker Washington,JAX,2,4,29,14.5,17,2,0,1,0,10/12
Tetairoa McMillan,CAR,3,5,29,9.7,19,3,2,0,0,10/12
Stefon Diggs,NE,3,3,28,9.3,14,2,0,0,0,10/12
Mack Hollins,NE,2,3,28,14,16,2,0,0,0,10/12
Rashid Shaheed,NO,4,6,28,7,17,1,0,0,0,10/12
David Njoku,CLE,3,6,28,9.3,14,1,0,0,0,10/12
Travis Etienne Jr.,JAX,4,5,28,7,9,1,0,0,0,10/12
Puka Nacua,LAR,2,3,28,14,23,2,0,0,0,10/12
Justice Hill,BAL,5,6,28,5.6,13,0,0,0,0,10/12
Keenan Allen,LAC,4,7,27,6.8,9,2,0,1,0,10/12
Theo Johnson,NYG,2,4,27,13.5,22,1,0,0,0,10/12
Noah Fant,CIN,4,4,27,6.8,9,0,0,0,0,10/12
Elic Ayomanor,TEN,3,5,27,9,11,2,0,0,0,10/12
Tre' Harris,LAC,4,5,27,6.8,8,1,0,0,0,10/12
Hunter Henry,NE,3,3,27,9,12,1,0,0,0,10/12
Tyrell Shavers,BUF,3,5,27,9,10,1,0,0,0,10/12
Tim Patrick,JAX,1,1,26,26,26,1,1,0,0,10/12
Noah Gray,KC,2,2,25,12.5,19,1,0,0,0,10/12
Josh Reynolds,NYJ,3,3,25,8.3,11,2,0,0,0,10/12
Kyle Monangai,CHI,1,1,25,25,25,1,0,0,0,10/12
Emeka Egbuka,TB,2,4,24,12,17,1,0,0,0,10/12
Mark Andrews,BAL,4,6,24,6,9,2,0,0,0,10/12
Olamide Zaccheaus,CHI,2,6,24,12,14,1,0,0,0,10/12
Jordan Whittington,LAR,3,4,23,7.7,13,1,0,0,0,10/12
Nate Adkins,DEN,2,2,23,11.5,16,1,1,0,0,10/12
De'Von Achane,MIA,4,6,22,5.5,10,1,0,0,0,10/12
Alec Ingold,MIA,1,1,22,22,22,1,0,0,0,10/12
Malik Washington,MIA,4,5,22,5.5,9,2,0,0,0,10/12
Pat Bryant,DEN,2,2,22,11,11,2,0,0,0,10/12
Gage Larvadain,CLE,2,4,22,11,14,0,0,0,0,10/12
Marquez Valdes-Scantling,SF,2,3,22,11,19,1,0,0,0,10/12
Rachaad White,TB,3,3,21,7,18,1,0,0,0,10/12
Brashard Smith,KC,3,4,21,7,9,0,0,0,0,10/12
Brandin Cooks,NO,1,1,21,21,21,1,0,0,0,10/12
RJ Harvey,DEN,4,4,21,5.3,9,0,0,0,0,10/12
Mitchell Evans,CAR,1,1,21,21,21,1,0,0,0,10/12
Bam Knight,ARI,1,2,20,20,20,1,0,0,0,10/12
Michael Pittman Jr.,IND,2,3,20,10,14,2,0,0,0,10/12
Xavier Worthy,KC,2,4,20,10,14,2,1,0,0,10/12
DeAndre Hopkins,BAL,2,4,20,10,11,2,0,0,0,10/12
Tyjae Spears,TEN,4,4,19,4.8,9,0,0,0,0,10/12
Troy Franklin,DEN,3,4,19,6.3,7,0,0,1,1,10/12
Hunter Long,JAX,2,3,19,9.5,11,1,0,0,0,10/12
Dawson Knox,BUF,1,2,19,19,19,1,1,0,0,10/12
Ray Davis,BUF,2,2,19,9.5,16,2,1,0,0,10/12
A.J. Dillon,PHI,2,2,18,9,11,0,0,1,1,10/12
Calvin Ridley,TEN,1,1,18,18,18,1,0,0,0,10/12
Will Dissly,LAC,2,2,18,9,14,1,0,0,0,10/12
Jonnu Smith,PIT,3,4,18,6,7,1,0,0,0,10/12
Kyle Pitts Sr.,ATL,3,4,18,6,10,1,0,0,0,10/12
Jalin Hyatt,NYG,3,5,17,5.7,6,1,0,0,0,10/12
Jahan Dotson,PHI,1,2,17,17,17,1,0,0,0,10/12
Courtland Sutton,DEN,1,3,17,17,17,1,0,0,0,10/12
Samaje Perine,CIN,2,3,16,8,16,1,0,0,0,10/12
Mo Alie-Cox,IND,1,2,16,16,16,1,0,0,0,10/12
Juwan Johnson,NO,2,2,15,7.5,13,0,0,1,1,10/12
Travis Hunter,JAX,4,7,15,3.8,14,2,0,0,0,10/12
Dontayvion Wicks,GB,2,2,15,7.5,9,1,0,0,0,10/12
Gunnar Helm,TEN,2,3,15,7.5,9,0,0,0,0,10/12
Deebo Samuel,WAS,4,5,15,3.8,9,1,0,0,0,10/12
Jonathan Taylor,IND,4,4,14,3.5,13,1,0,0,0,10/12
Kimani Vidal,LAC,3,4,14,4.7,7,1,1,0,0,10/12
Kenneth Gainwell,PIT,6,6,14,2.3,6,0,0,0,0,10/12
Johnny Mundt,JAX,1,2,14,14,14,1,0,0,0,10/12
Bhayshul Tuten,JAX,2,3,14,7,8,0,0,0,0,10/12
Tony Pollard,TEN,2,2,13,6.5,9,1,0,0,0,10/12
Garrett Wilson,NYJ,3,8,13,4.3,7,0,0,0,0,10/12
Jerome Ford,CLE,5,6,13,2.6,8,0,0,0,0,10/12
Jamari Thrash,CLE,2,3,13,6.5,9,0,0,0,0,10/12
Zach Charbonnet,SEA,1,1,13,13,13,1,0,0,0,10/12
Dyami Brown,JAX,2,5,13,6.5,9,0,0,0,0,10/12
Connor Heyward,PIT,1,1,12,12,12,1,1,0,0,10/12
Roman Wilson,PIT,1,1,12,12,12,1,0,0,0,10/12
Cam Skattebo,NYG,2,2,12,6,8,1,0,0,0,10/12
Darren Waller,MIA,2,3,12,6,7,1,1,0,0,10/12
Dylan Sampson,CLE,2,2,12,6,8,1,0,0,0,10/12
Xavier Legette,CAR,2,2,11,5.5,15,1,0,1,0,10/12
Kareem Hunt,KC,1,1,11,11,11,1,0,0,0,10/12
Ashton Jeanty,LV,2,4,11,5.5,9,0,0,0,0,10/12
Kendre Miller,NO,1,1,11,11,11,1,0,0,0,10/12
Pat Freiermuth,PIT,1,1,11,11,11,0,0,0,0,10/12
Jaylen Warren,PIT,2,2,11,5.5,6,1,0,0,0,10/12
Ty Johnson,BUF,1,2,11,11,11,0,0,0,0,10/12
Keon Coleman,BUF,3,6,11,3.7,7,1,0,0,0,10/12
Colston Loveland,CHI,2,3,11,5.5,6,1,0,0,0,10/12
Tanner Hudson,CIN,4,5,10,2.5,8,1,1,0,0,10/12
LeQuint Allen Jr.,JAX,1,2,10,10,10,0,0,0,0,10/12
Saquon Barkley,PHI,2,3,9,4.5,10,0,0,0,0,10/12
Ameer Abdullah,IND,1,1,9,9,9,0,0,0,0,10/12
Greg Dortch,ARI,3,3,9,3,12,1,1,0,0,10/12
Hassan Haskins,LAC,1,1,9,9,9,0,0,0,0,10/12
TreVeyon Henderson,NE,1,2,9,9,9,0,0,0,0,10/12
Foster Moreau,NO,1,1,9,9,9,0,0,0,0,10/12
Isaiah Bond,CLE,2,5,9,4.5,7,1,0,0,0,10/12
Kyle Juszczyk,SF,1,1,9,9,9,0,0,0,0,10/12
Chimere Dike,TEN,2,3,8,4,8,0,0,0,0,10/12
Tanner Conner,MIA,1,1,8,8,8,0,0,0,0,10/12
Brian Robinson Jr.,SF,3,3,8,2.7,4,0,0,0,0,10/12
Jalen Tolbert,DAL,1,1,8,8,8,0,0,0,0,10/12
Luke Schoonmaker,DAL,1,2,8,8,8,0,0,0,0,10/12
Derrick Henry,BAL,1,2,8,8,8,0,0,0,0,10/12
Rashod Bateman,BAL,1,2,8,8,8,0,0,0,0,10/12
Davis Allen,LAR,1,2,7,7,7,0,0,0,0,10/12
Jacory Croskey-Merritt,WAS,1,1,7,7,7,0,0,1,1,10/12
Chase Brown,CIN,2,2,7,3.5,5,0,0,0,0,10/12
Luke Musgrave,GB,1,2,7,7,7,0,0,0,0,10/12
Jauan Jennings,SF,1,3,7,7,7,1,0,0,0,10/12
Hunter Luepke,DAL,2,2,7,3.5,4,1,1,0,0,10/12
Hunter Renfrow,CAR,1,2,7,7,7,1,0,0,0,10/12
Konata Mumpfield,LAR,1,2,7,7,7,1,0,0,0,10/12
Andrew Beck,NYJ,1,1,6,6,6,0,0,0,0,10/12
Isaiah Likely,BAL,2,2,6,3,5,0,0,1,0,10/12
Tyler Allgeier,ATL,1,1,6,6,6,0,0,0,0,10/12
Elijah Arroyo,SEA,1,2,6,6,6,0,0,0,0,10/12
Andrei Iosivas,CIN,1,4,5,5,5,0,0,0,0,10/12
Austin Hooper,NE,1,1,5,5,5,0,0,0,0,10/12
Javonte Williams,DAL,5,8,5,1,9,0,0,0,0,10/12
Ian Thomas,LV,1,1,4,4,4,0,0,0,0,10/12
Kenneth Walker III,SEA,1,1,3,3,3,0,0,0,0,10/12
Emeka Egbuka,TB,7,7,163,23.3,57,6,1,0,0,10/5
Stefon Diggs,NE,10,12,146,14.6,32,8,0,0,0,10/5
Kendrick Bourne,SF,10,11,142,14.2,35,8,0,0,0,10/5
Jaxon Smith-Njigba,SEA,8,9,132,16.5,53,6,1,0,0,10/5
Calvin Ridley,TEN,5,10,131,26.2,47,4,0,0,0,10/5
Justin Jefferson,MIN,7,11,123,17.6,38,6,0,0,0,10/5
Rashid Shaheed,NO,4,5,114,28.5,87,3,1,0,0,10/5
Ryan Flournoy,DAL,6,9,114,19,46,5,0,0,0,10/5
DeVonta Smith,PHI,8,10,114,14.3,52,3,0,0,0,10/5
Ja'Marr Chase,CIN,6,10,110,18.3,64,4,2,0,0,10/5
Jaylen Waddle,MIA,6,9,110,18.3,46,6,1,0,0,10/5
Dalton Kincaid,BUF,6,6,108,18,23,5,0,0,0,10/5
Amon-Ra St. Brown,DET,8,9,100,12.5,26,5,0,0,0,10/5
Courtland Sutton,DEN,8,10,99,12.4,34,5,0,0,0,10/5
Marvin Harrison Jr.,ARI,4,5,98,24.5,43,4,0,0,0,10/5
Deebo Samuel,WAS,8,11,96,12,22,4,1,0,0,10/5
Sam LaPorta,DET,5,6,92,18.4,39,4,1,0,0,10/5
Tyquan Thornton,KC,3,5,90,30,34,3,0,0,0,10/5
Davante Adams,LAR,5,11,88,17.6,26,3,0,0,0,10/5
Puka Nacua,LAR,10,12,85,8.5,16,5,1,0,0,10/5
Christian McCaffrey,SF,8,9,82,10.3,16,5,1,0,0,10/5
Andrei Iosivas,CIN,5,7,82,16.4,30,4,0,0,0,10/5
Cade Otton,TB,4,5,81,20.3,27,4,0,0,0,10/5
Brian Thomas Jr.,JAX,4,6,80,20,33,3,0,0,0,10/5
Darren Waller,MIA,5,5,78,15.6,34,5,1,0,0,10/5
Tetairoa McMillan,CAR,6,8,73,12.2,29,4,0,0,0,10/5
Tutu Atwell,LAR,2,4,72,36,38,2,0,0,0,10/5
Zay Flowers,BAL,5,5,72,14.4,56,1,0,0,0,10/5
Garrett Wilson,NYJ,6,10,71,11.8,25,4,1,0,0,10/5
David Njoku,CLE,6,9,67,11.2,17,2,1,0,0,10/5
Mason Taylor,NYJ,9,12,67,7.4,11,5,0,0,0,10/5
Kyren Williams,LAR,8,10,66,8.3,14,3,2,1,1,10/5
Travis Hunter,JAX,3,3,64,21.3,44,2,0,0,0,10/5
Christian Kirk,HOU,4,4,64,16,47,2,0,0,0,10/5
Tre Tucker,LV,4,6,62,15.5,33,2,0,0,0,10/5
Travis Kelce,KC,7,8,61,8.7,14,4,1,0,0,10/5
Dalton Schultz,HOU,5,6,60,12,21,4,0,0,0,10/5
Chris Olave,NO,7,11,59,8.4,17,3,0,0,0,10/5
Cooper Kupp,SEA,6,9,59,9.8,24,4,0,0,0,10/5
Tez Johnson,TB,4,4,59,14.8,27,2,0,0,0,10/5
Keenan Allen,LAC,5,9,58,11.6,29,3,0,0,0,10/5
Saquon Barkley,PHI,3,3,58,19.3,47,1,1,0,0,10/5
George Pickens,DAL,2,4,57,28.5,43,2,1,0,0,10/5
Ashton Dulin,IND,2,5,55,27.5,35,2,0,0,0,10/5
Josh Downs,IND,6,8,54,9,12,4,0,0,0,10/5
AJ Barner,SEA,7,7,53,7.6,11,4,2,0,0,10/5
Daniel Bellinger,NYG,4,4,52,13,18,3,0,0,0,10/5
Nico Collins,HOU,4,5,52,13,24,2,1,0,0,10/5
Luke McCaffrey,WAS,1,2,50,50,50,1,0,0,0,10/5
Jake Ferguson,DAL,7,9,49,7,26,3,2,0,0,10/5
Chig Okonkwo,TEN,4,5,48,12,16,3,0,0,0,10/5
Hollywood Brown,KC,4,8,48,12,20,3,0,0,0,10/5
Hunter Henry,NE,2,4,46,23,24,2,0,0,0,10/5
DeAndre Hopkins,BAL,2,2,46,23,29,2,0,0,0,10/5
Khalil Shakir,BUF,6,9,45,7.5,18,3,0,0,0,10/5
Cam Skattebo,NYG,6,7,45,7.5,15,3,0,1,1,10/5
Tyler Warren,IND,4,4,44,11,19,2,1,0,0,10/5
Kayshon Boutte,NE,3,3,43,14.3,19,3,0,0,0,10/5
A.J. Brown,PHI,5,8,43,8.6,13,3,0,0,0,10/5
Breece Hall,NYJ,4,5,42,10.5,16,1,0,1,1,10/5
Ashton Jeanty,LV,5,7,42,8.4,29,1,0,0,0,10/5
Xavier Worthy,KC,6,9,42,7,19,1,0,0,0,10/5
Jake Tonges,SF,7,11,41,5.9,11,3,1,0,0,10/5
Jordan Addison,MIN,5,6,41,8.2,15,3,1,0,0,10/5
Trey McBride,ARI,5,7,41,8.2,12,2,0,0,0,10/5
Quentin Johnston,LAC,4,4,40,10,16,2,0,1,1,10/5
Jacory Croskey-Merritt,WAS,2,2,39,19.5,28,2,0,1,1,10/5
Demarcus Robinson,SF,3,7,39,13,18,2,0,0,0,10/5
Michael Pittman Jr.,IND,5,6,39,7.8,16,3,1,0,0,10/5
Ladd McConkey,LAC,5,7,39,7.8,13,3,1,0,0,10/5
Tory Horton,SEA,3,4,39,13,21,2,1,0,0,10/5
T.J. Hockenson,MIN,6,6,38,6.3,14,2,0,0,0,10/5
Dareke Young,SEA,1,1,36,36,36,1,0,0,0,10/5
Joshua Palmer,BUF,2,2,36,18,23,2,0,0,0,10/5
Albert Okwuegbunam Jr.,LV,5,6,36,7.2,16,2,0,0,0,10/5
Josh Oliver,MIN,2,3,35,17.5,32,1,1,0,0,10/5
Troy Franklin,DEN,3,5,35,11.7,20,2,0,0,0,10/5
Gunnar Helm,TEN,4,5,34,8.5,19,2,0,0,0,10/5
Jordan Whittington,LAR,2,3,33,16.5,22,2,0,0,0,10/5
Jahmyr Gibbs,DET,2,2,33,16.5,20,2,1,0,0,10/5
Theo Johnson,NYG,6,7,33,5.5,15,3,2,0,0,10/5
Evan Engram,DEN,4,6,33,8.3,18,2,1,0,0,10/5
Jakobi Meyers,LV,4,6,32,8,16,2,0,0,0,10/5
Jayden Higgins,HOU,4,4,32,8,14,1,0,0,0,10/5
Brashard Smith,KC,3,3,32,10.7,15,1,0,0,0,10/5
Darius Slayton,NYG,3,6,31,10.3,16,1,0,1,1,10/5
Xavier Legette,CAR,2,3,31,15.5,24,2,1,0,0,10/5
Wan'Dale Robinson,NYG,5,7,30,6,12,0,0,0,0,10/5
Tyler Conklin,LAC,2,3,30,15,21,1,0,0,0,10/5
Rachaad White,TB,4,4,30,7.5,14,2,0,0,0,10/5
De'Von Achane,MIA,6,7,30,5,10,2,1,0,0,10/5
Isaiah Bond,CLE,2,7,29,14.5,22,1,0,0,0,10/5
Josh Reynolds,NYJ,3,4,29,9.7,13,1,0,0,0,10/5
Rico Dowdle,CAR,3,4,28,9.3,13,1,0,0,0,10/5
Alvin Kamara,NO,4,6,28,7,12,2,0,0,0,10/5
Jeremy Ruckert,NYJ,4,4,28,7,9,0,0,0,0,10/5
Isaiah Davis,NYJ,3,4,28,9.3,10,1,0,0,0,10/5
Jalen Nailor,MIN,3,4,27,9,20,2,0,0,0,10/5
Jack Bech,LV,3,5,27,9,11,3,0,0,0,10/5
Curtis Samuel,BUF,2,2,26,13,20,2,1,0,0,10/5
Omarion Hampton,LAC,6,6,26,4.3,12,1,0,0,0,10/5
Chris Godwin Jr.,TB,3,4,26,8.7,13,2,0,0,0,10/5
Davis Allen,LAR,2,2,24,12,20,2,0,0,0,10/5
Jahan Dotson,PHI,1,3,24,24,24,1,0,0,0,10/5
Sterling Shepard,TB,4,5,24,6,11,1,1,0,0,10/5
Keon Coleman,BUF,4,7,23,5.8,13,3,1,1,1,10/5
Brenden Bates,HOU,2,2,23,11.5,19,2,0,0,0,10/5
Tee Higgins,CIN,3,7,22,7.3,13,3,1,0,0,10/5
Mark Andrews,BAL,2,3,22,11,12,2,0,0,0,10/5
Jamari Thrash,CLE,1,1,22,22,22,1,0,0,0,10/5
Michael Carter,ARI,5,5,22,4.4,9,0,0,0,0,10/5
Julian Hill,MIA,4,5,22,5.5,8,0,0,0,0,10/5
Brenton Strange,JAX,1,1,22,22,22,1,0,0,0,10/5
Chase Brown,CIN,7,8,21,3,9,0,0,1,0,10/5
Terrance Ferguson,LAR,1,1,21,21,21,1,0,0,0,10/5
Kyle Juszczyk,SF,3,4,21,7,12,1,0,0,0,10/5
Jimmy Horn Jr.,CAR,2,3,21,10.5,17,1,0,0,0,10/5
Jonathan Taylor,IND,3,4,20,6.7,8,0,0,0,0,10/5
Jerome Ford,CLE,2,2,20,10,17,1,0,0,0,10/5
Ian Thomas,LV,3,3,20,6.7,10,1,0,0,0,10/5
Isiah Pacheco,KC,3,3,20,6.7,10,2,0,0,0,10/5
Dallas Goedert,PHI,3,9,19,6.3,11,2,1,0,0,10/5
RJ Harvey,DEN,3,3,18,6,11,0,0,0,0,10/5
Quinshon Judkins,CLE,1,2,18,18,18,1,0,0,0,10/5
Grant Calcaterra,PHI,2,2,18,9,11,1,0,0,0,10/5
Elic Ayomanor,TEN,2,4,18,9,13,2,0,0,0,10/5
Xavier Hutchinson,HOU,3,3,18,6,10,2,2,0,0,10/5
DeMario Douglas,NE,2,3,17,8.5,10,0,0,0,0,10/5
Juwan Johnson,NO,2,4,17,8.5,19,1,0,0,0,10/5
Chimere Dike,TEN,2,5,17,8.5,11,1,0,0,0,10/5
JuJu Smith-Schuster,KC,2,3,17,8.5,9,1,0,0,0,10/5
Tyler Badie,DEN,1,2,16,16,16,1,0,0,0,10/5
Michael Wilson,ARI,2,4,16,8,10,1,0,0,0,10/5
Jaylin Lane,WAS,1,2,16,16,16,1,0,0,0,10/5
Tanner Conner,MIA,2,2,16,8,15,0,0,0,0,10/5
Parker Washington,JAX,2,3,16,8,13,1,1,0,0,10/5
Trent Sherfield Sr.,DEN,1,2,15,15,15,1,0,0,0,10/5
Dawson Knox,BUF,2,2,15,7.5,8,1,0,0,0,10/5
Mike Gesicki,CIN,2,5,15,7.5,15,1,0,0,0,10/5
Jerry Jeudy,CLE,2,5,15,7.5,9,1,0,0,0,10/5
Dyami Brown,JAX,2,4,15,7.5,13,1,0,0,0,10/5
Arian Smith,NYJ,1,1,14,14,14,1,0,0,0,10/5
Oronde Gadsden,LAC,1,1,14,14,14,1,0,0,0,10/5
Rhamondre Stevenson,NE,2,2,13,6.5,7,0,0,1,1,10/5
Bam Knight,ARI,1,1,13,13,13,1,0,0,0,10/5
Harold Fannin Jr.,CLE,4,4,13,3.3,5,2,1,0,0,10/5
Devaughn Vele,NO,2,2,13,6.5,7,1,0,0,0,10/5
Jaylin Noel,HOU,2,3,13,6.5,9,1,1,0,0,10/5
Isaac TeSlaa,DET,1,1,12,12,12,1,1,0,0,10/5
Greg Dortch,ARI,2,2,12,6,8,0,0,0,0,10/5
Jeremy McNichols,WAS,1,2,12,12,12,1,0,0,0,10/5
Zach Charbonnet,SEA,1,2,12,12,12,0,0,0,0,10/5
Isaiah Likely,BAL,1,1,12,12,12,1,0,0,0,10/5
Tony Pollard,TEN,3,3,11,3.7,4,0,0,1,1,10/5
Adam Trautman,DEN,1,1,11,11,11,1,0,0,0,10/5
James Mitchell,CAR,1,1,11,11,11,1,0,0,0,10/5
Hunter Luepke,DAL,1,1,10,10,10,1,0,0,0,10/5
Charlie Kolar,BAL,1,1,10,10,10,1,0,0,0,10/5
Marvin Mims Jr.,DEN,2,5,10,5,6,0,0,0,0,10/5
Elijah Higgins,ARI,2,2,10,5,7,0,0,0,0,10/5
Elijah Arroyo,SEA,1,1,10,10,10,1,0,0,0,10/5
Tay Martin,WAS,1,1,9,9,9,0,0,0,0,10/5
Brycen Tremayne,CAR,1,1,9,9,9,1,0,0,0,10/5
Travis Etienne Jr.,JAX,3,4,9,3,7,0,0,0,0,10/5
Marquez Valdes-Scantling,SF,1,3,9,9,9,0,0,0,0,10/5
Brock Wright,DET,2,3,9,4.5,6,1,1,0,0,10/5
Jameson Williams,DET,1,1,9,9,9,1,0,0,0,10/5
Anthony Richardson Sr.,IND,1,1,9,9,9,1,0,0,0,10/5
Alex Bachman,LV,1,1,9,9,9,1,0,0,0,10/5
John Bates,WAS,1,1,9,9,9,0,0,0,0,10/5
Justice Hill,BAL,1,2,9,9,9,0,0,0,0,10/5
Luke Farrell,SF,1,2,8,8,8,0,0,0,0,10/5
Kendre Miller,NO,1,1,8,8,8,0,0,0,0,10/5
Zay Jones,ARI,2,3,8,4,4,0,0,0,0,10/5
Kareem Hunt,KC,1,1,8,8,8,0,0,0,0,10/5
Beaux Collins,NYG,1,3,7,7,7,0,0,0,0,10/5
Tommy Tremble,CAR,1,2,7,7,7,0,0,0,0,10/5
Hunter Renfrow,CAR,1,3,7,7,7,0,0,0,0,10/5
Trevor Etienne,CAR,1,1,7,7,7,1,0,0,0,10/5
Johnny Mundt,JAX,1,1,7,7,7,0,0,0,0,10/5
Tyler Lockett,TEN,1,4,6,6,6,0,0,0,0,10/5
David Montgomery,DET,1,1,6,6,6,1,0,0,0,10/5
Dylan Sampson,CLE,1,2,6,6,6,0,0,0,0,10/5
Antonio Gibson,NE,1,1,5,5,5,0,0,1,0,10/5
Bhayshul Tuten,JAX,1,1,5,5,5,0,0,0,0,10/5
Brandin Cooks,NO,1,1,5,5,5,0,0,0,0,10/5
J.K. Dobbins,DEN,1,1,5,5,5,0,0,0,0,10/5
Keaton Mitchell,BAL,1,1,5,5,5,0,0,0,0,10/5
Harrison Bryant,HOU,1,2,5,5,5,1,0,0,0,10/5
Jordan Mason,MIN,3,4,4,1.3,2,0,0,1,1,10/5
Devin Singletary,NYG,1,2,4,4,4,0,0,0,0,10/5
Javonte Williams,DAL,1,2,4,4,4,1,1,0,0,10/5
Will Shipley,PHI,1,2,4,4,4,0,0,0,0,10/5
Mitchell Evans,CAR,1,1,4,4,4,1,1,0,0,10/5
TreVeyon Henderson,NE,2,3,3,1.5,4,0,0,0,0,10/5
Luke Schoonmaker,DAL,1,2,3,3,3,0,0,0,0,10/5
Allen Lazard,NYJ,1,2,3,3,3,0,0,0,0,10/5
Zaire Mitchell-Paden,BAL,1,1,3,3,3,0,0,0,0,10/5
Hunter Long,JAX,1,1,3,3,3,0,0,0,0,10/5
Samaje Perine,CIN,2,2,2,1,5,0,0,0,0,10/5
Puka Nacua,LAR,13,15,170,13.1,31,8,1,0,0,9/28
George Pickens,DAL,8,11,134,16.8,28,7,2,0,0,9/28
Justin Jefferson,MIN,10,11,126,12.6,29,5,0,0,0,9/28
DK Metcalf,PIT,5,5,126,25.2,80,5,1,0,0,9/28
Jordan Addison,MIN,4,8,114,28.5,81,2,0,0,0,9/28
Drake London,ATL,8,10,110,13.8,43,4,1,0,0,9/28
Bijan Robinson,ATL,4,5,106,26.5,69,4,0,1,0,9/28
Bucky Irving,TB,5,5,102,20.4,72,3,1,1,1,9/28
Stefon Diggs,NE,6,7,101,16.8,33,3,0,0,0,9/28
Emeka Egbuka,TB,4,10,101,25.3,77,2,1,0,0,9/28
Quentin Johnston,LAC,8,13,98,12.3,36,3,1,0,0,9/28
Adonai Mitchell,IND,3,4,96,32,75,1,0,1,1,9/28
Christian McCaffrey,SF,6,11,92,15.3,29,4,1,1,0,9/28
Tutu Atwell,LAR,1,2,88,88,88,1,1,0,0,9/28
Xavier Worthy,KC,5,8,83,16.6,37,3,0,0,0,9/28
Garrett Wilson,NYJ,6,8,82,13.7,23,4,1,0,0,9/28
Courtland Sutton,DEN,5,6,81,16.2,22,4,1,0,0,9/28
Jaxon Smith-Njigba,SEA,4,5,79,19.8,36,4,0,0,0,9/28
Nico Collins,HOU,4,6,79,19.8,37,3,0,0,0,9/28
Zay Flowers,BAL,7,8,74,10.6,21,4,0,0,0,9/28
Deebo Samuel,WAS,6,6,72,12,24,4,1,1,0,9/28
Josh Jacobs,GB,4,4,71,17.8,28,3,0,0,0,9/28
Kyle Pitts Sr.,ATL,5,5,70,14,26,4,1,0,0,9/28
Amon-Ra St. Brown,DET,7,7,70,10,25,4,2,0,0,9/28
Tyler Warren,IND,5,6,70,14,24,3,0,0,0,9/28
Khalil Shakir,BUF,5,5,69,13.8,43,2,1,0,0,9/28
Rome Odunze,CHI,4,8,69,17.3,27,4,1,0,0,9/28
Marvin Mims Jr.,DEN,6,6,69,11.5,28,3,0,0,0,9/28
Tyreek Hill,MIA,6,6,67,11.2,28,5,0,0,0,9/28
Marvin Harrison Jr.,ARI,6,10,66,11,18,3,1,0,0,9/28
Mason Taylor,NYJ,5,7,65,13,27,4,0,0,0,9/28
Tetairoa McMillan,CAR,4,8,62,15.5,22,3,0,0,0,9/28
Jalen Tolbert,DAL,4,6,61,15.3,34,2,0,0,0,9/28
Jake Tonges,SF,3,5,58,19.3,23,3,1,0,0,9/28
Romeo Doubs,GB,6,8,58,9.7,18,5,3,0,0,9/28
Matthew Golden,GB,5,6,58,11.6,46,2,0,0,0,9/28
Isaiah Bond,CLE,3,6,58,19.3,35,2,0,0,0,9/28
Tucker Kraft,GB,5,5,56,11.2,16,3,0,0,0,9/28
Davante Adams,LAR,4,6,56,14,25,3,1,0,0,9/28
Troy Franklin,DEN,4,8,55,13.8,23,4,0,0,0,9/28
Trey McBride,ARI,7,11,52,7.4,17,4,0,0,0,9/28
Woody Marks,HOU,4,5,50,12.5,20,2,1,0,0,9/28
Brian Thomas Jr.,JAX,5,7,49,9.8,14,2,0,0,0,9/28
Jerry Jeudy,CLE,3,9,48,16,33,2,0,0,0,9/28
Travis Kelce,KC,5,5,48,9.6,15,2,0,0,0,9/28
Jaylen Waddle,MIA,3,6,48,16,25,3,0,0,0,9/28
Rashid Shaheed,NO,4,5,47,11.8,15,2,0,0,0,9/28
Cole Kmet,CHI,3,9,46,15.3,29,2,0,0,0,9/28
Brock Bowers,LV,5,6,46,9.2,19,2,0,0,0,9/28
Ricky Pearsall,SF,4,5,46,11.5,31,3,0,0,0,9/28
Keon Coleman,BUF,3,4,45,15,20,3,0,0,0,9/28
Brenton Strange,JAX,6,7,45,7.5,11,2,0,0,0,9/28
Elic Ayomanor,TEN,2,7,44,22,33,2,0,0,0,9/28
Elijah Arroyo,SEA,2,4,44,22,32,2,0,0,0,9/28
Darius Slayton,NYG,3,4,44,14.7,18,2,0,0,0,9/28
Zavier Scott,MIN,6,8,43,7.2,16,3,1,0,0,9/28
Travis Hunter,JAX,3,5,42,14,28,1,0,1,0,9/28
Tommy Tremble,CAR,5,8,42,8.4,15,2,1,0,0,9/28
Justice Hill,BAL,5,6,41,8.2,13,2,1,0,0,9/28
Olamide Zaccheaus,CHI,5,6,41,8.2,13,2,0,0,0,9/28
Michael Pittman Jr.,IND,5,10,41,8.2,17,3,1,0,0,9/28
Jake Ferguson,DAL,7,7,40,5.7,11,2,1,0,0,9/28
Jameson Williams,DET,2,8,40,20,27,2,0,0,0,9/28
RJ Harvey,DEN,4,5,40,10,14,3,1,0,0,9/28
Sam LaPorta,DET,3,4,39,13,27,1,0,0,0,9/28
T.J. Hockenson,MIN,4,5,39,9.8,14,1,0,0,0,9/28
Hunter Henry,NE,2,2,39,19.5,31,2,1,0,0,9/28
DJ Moore,CHI,4,5,38,9.5,17,1,0,0,0,9/28
Hollywood Brown,KC,3,5,38,12.7,18,2,1,0,0,9/28
Keenan Allen,LAC,5,7,37,7.4,10,2,0,0,0,9/28
Emanuel Wilson,GB,3,3,37,12.3,25,2,0,0,0,9/28
Omarion Hampton,LAC,5,5,37,7.4,19,1,0,0,0,9/28
Dallas Goedert,PHI,4,4,37,9.3,22,3,2,0,0,9/28
Brycen Tremayne,CAR,3,4,36,12,24,1,0,1,0,9/28
JuJu Smith-Schuster,KC,4,6,36,9,12,3,1,0,0,9/28
Greg Dortch,ARI,4,5,35,8.8,15,2,0,0,0,9/28
Kenneth Gainwell,PIT,6,6,35,5.8,8,0,0,0,0,9/28
Quinshon Judkins,CLE,4,4,33,8.3,16,2,0,0,0,9/28
AJ Barner,SEA,3,3,32,10.7,16,2,1,0,0,9/28
Kyle Juszczyk,SF,3,3,32,10.7,18,2,0,0,0,9/28
Tee Higgins,CIN,3,6,32,10.7,19,1,0,0,0,9/28
Adam Trautman,DEN,2,3,32,16,26,1,0,0,0,9/28
Saquon Barkley,PHI,4,4,31,7.8,15,2,0,0,0,9/28
Chase Brown,CIN,3,3,31,10.3,12,1,0,0,0,9/28
Mark Andrews,BAL,7,8,30,4.3,7,2,0,0,0,9/28
Jakobi Meyers,LV,4,7,30,7.5,10,1,0,0,0,9/28
KaVontae Turpin,DAL,3,4,30,10,15,3,0,0,0,9/28
Calvin Ridley,TEN,2,3,30,15,22,2,0,0,0,9/28
Dalton Schultz,HOU,5,6,30,6,9,1,0,0,0,9/28
Breece Hall,NYJ,5,6,30,6,8,2,0,0,0,9/28
Kenneth Walker III,SEA,1,2,29,29,29,1,0,0,0,9/28
DeVonta Smith,PHI,2,2,29,14.5,20,2,0,0,0,9/28
Rachaad White,TB,4,5,29,7.3,12,1,0,0,0,9/28
Evan Engram,DEN,4,7,29,7.3,11,0,0,0,0,9/28
Dalton Kincaid,BUF,1,2,28,28,28,1,1,0,0,9/28
Juwan Johnson,NO,3,3,28,9.3,17,2,0,0,0,9/28
Brashard Smith,KC,3,4,27,9,17,2,0,0,0,9/28
Darren Waller,MIA,3,4,27,9,14,3,2,0,0,9/28
Cooper Kupp,SEA,4,5,26,6.5,11,1,0,0,0,9/28
Chris Godwin Jr.,TB,3,10,26,8.7,11,1,0,0,0,9/28
Joshua Palmer,BUF,2,3,25,12.5,14,1,0,0,0,9/28
Tyler Higbee,LAR,2,5,25,12.5,16,1,0,0,0,9/28
Harold Fannin Jr.,CLE,2,6,24,12,13,1,0,0,0,9/28
Rashod Bateman,BAL,1,2,24,24,24,1,0,0,0,9/28
Josh Downs,IND,4,5,24,6,8,2,0,0,0,9/28
Austin Hooper,NE,1,1,24,24,24,1,0,0,0,9/28
Jauan Jennings,SF,2,4,24,12,14,2,0,0,0,9/28
Jayden Higgins,HOU,1,1,24,24,24,1,1,0,0,9/28
Mitchell Evans,CAR,3,4,23,7.7,16,2,1,0,0,9/28
Hunter Long,JAX,3,3,23,7.7,11,3,1,0,0,9/28
Ja'Marr Chase,CIN,5,8,23,4.6,10,0,0,0,0,9/28
Jeremy Ruckert,NYJ,1,1,23,23,12,1,0,0,0,9/28
Brandin Cooks,NO,3,4,22,7.3,9,1,0,0,0,9/28
Savion Williams,GB,3,3,22,7.3,16,0,0,0,0,9/28
D'Andre Swift,CHI,4,6,22,5.5,7,1,0,0,0,9/28
Andrei Iosivas,CIN,1,1,22,22,22,1,0,0,0,9/28
Zach Ertz,WAS,2,4,21,10.5,14,1,0,1,0,9/28
Luke McCaffrey,WAS,2,3,21,10.5,16,1,1,0,0,9/28
Luke Farrell,SF,2,2,20,10,11,1,0,1,1,9/28
Chris Olave,NO,3,6,20,6.7,10,2,1,0,0,9/28
Jonathan Taylor,IND,5,5,20,4,10,1,0,0,0,9/28
Chuba Hubbard,CAR,3,3,20,6.7,14,1,0,0,0,9/28
Malik Nabers,NYG,2,3,20,10,13,1,0,0,0,9/28
Darnell Washington,PIT,3,3,20,6.7,8,0,0,0,0,9/28
Demarcus Robinson,SF,1,2,20,20,20,1,0,0,0,9/28
Christian Kirk,HOU,3,4,20,6.7,12,1,0,0,0,9/28
Trey Benson,ARI,5,5,19,3.8,10,1,0,0,0,9/28
Casey Washington,ATL,1,3,19,19,19,1,0,0,0,9/28
Dontayvion Wicks,GB,2,4,19,9.5,15,1,0,0,0,9/28
Julian Hill,MIA,1,2,19,19,19,1,0,0,0,9/28
Jaylin Lane,WAS,2,3,18,9,11,1,0,2,0,9/28
James Cook III,BUF,3,4,18,6,11,1,0,0,0,9/28
Kayshon Boutte,NE,1,3,18,18,18,1,0,0,0,9/28
Isaiah Davis,NYJ,2,2,18,9,14,1,0,0,0,9/28
Ashton Jeanty,LV,2,2,17,8.5,9,2,2,1,1,9/28
Kyren Williams,LAR,3,4,17,5.7,10,1,0,1,1,9/28
Jake Bobo,SEA,1,1,17,17,17,1,0,0,0,9/28
Miles Sanders,DAL,2,2,17,8.5,9,0,0,0,0,9/28
Colby Parkinson,LAR,2,2,17,8.5,9,1,0,0,0,9/28
James Mitchell,CAR,2,2,17,8.5,9,1,0,0,0,9/28
Theo Johnson,NYG,3,5,17,5.7,10,2,1,0,0,9/28
Kendrick Bourne,SF,1,4,17,17,17,1,0,0,0,9/28
Xavier Hutchinson,HOU,2,3,17,8.5,9,1,0,0,0,9/28
Derrick Henry,BAL,2,3,16,8,10,0,0,0,0,9/28
Oronde Gadsden,LAC,2,3,16,8,11,1,0,0,0,9/28
Grant Calcaterra,PHI,1,2,16,16,16,1,0,0,0,9/28
Jordan Mason,MIN,3,3,15,5,13,1,0,1,0,9/28
Michael Wilson,ARI,3,6,15,5,6,2,0,0,0,9/28
Darnell Mooney,ATL,1,1,15,15,15,1,0,0,0,9/28
Jackson Hawes,BUF,1,1,15,15,15,1,0,0,0,9/28
Javonte Williams,DAL,3,3,15,5,9,1,0,0,0,9/28
Nick Chubb,HOU,2,2,15,7.5,8,0,0,0,0,9/28
Tay Martin,WAS,1,1,14,14,14,1,0,0,0,9/28
Ryan Flournoy,DAL,2,2,14,7,11,2,0,0,0,9/28
Tylan Wallace,BAL,1,2,14,14,14,1,0,0,0,9/28
TreVeyon Henderson,NE,2,2,14,7,9,0,0,0,0,9/28
Wan'Dale Robinson,NYG,3,5,14,4.7,8,0,0,0,0,9/28
Sterling Shepard,TB,2,4,14,7,8,0,0,0,0,9/28
Emari Demercado,ARI,2,2,13,6.5,7,1,1,0,0,9/28
Kalif Raymond,DET,2,3,13,6.5,7,1,0,0,0,9/28
Kareem Hunt,KC,1,1,13,13,13,1,0,0,0,9/28
Isiah Pacheco,KC,2,3,13,6.5,8,1,1,0,0,9/28
Tre Tucker,LV,2,2,13,6.5,9,0,0,0,0,9/28
Daniel Bellinger,NYG,1,1,13,13,13,1,0,0,0,9/28
Calvin Austin III,PIT,2,2,13,6.5,8,1,0,0,0,9/28
Malik Washington,MIA,2,3,13,6.5,9,0,0,0,0,9/28
Tony Pollard,TEN,3,3,12,4,8,0,0,0,0,9/28
Gunnar Helm,TEN,1,1,12,12,12,0,0,0,0,9/28
Ashton Dulin,IND,1,1,11,11,11,1,0,0,0,9/28
David Njoku,CLE,2,3,11,5.5,9,0,0,0,0,9/28
Tyquan Thornton,KC,1,2,11,11,11,1,1,0,0,9/28
Raheem Mostert,LV,1,1,11,11,11,1,0,0,0,9/28
Cam Skattebo,NYG,2,2,11,5.5,7,0,0,0,0,9/28
Ladd McConkey,LAC,1,6,11,11,11,1,0,0,0,9/28
Adam Thielen,MIN,2,2,11,5.5,6,2,0,0,0,9/28
Tyler Badie,DEN,1,2,11,11,11,1,0,0,0,9/28
Tory Horton,SEA,1,2,10,10,10,0,0,0,0,9/28
Jacory Croskey-Merritt,WAS,2,2,10,5,6,0,0,0,0,9/28
Hunter Renfrow,CAR,2,2,10,5,5,1,0,0,0,9/28
John Metchie III,PHI,2,2,10,5,7,1,0,0,0,9/28
Curtis Samuel,BUF,1,2,9,9,9,1,0,0,0,9/28
Malik Heath,GB,1,1,9,9,9,0,0,0,0,9/28
Cade Otton,TB,3,4,9,3,6,0,0,0,0,9/28
Mitch Tinsley,CIN,1,2,9,9,9,0,0,0,0,9/28
Luke Schoonmaker,DAL,2,2,8,4,5,0,0,0,0,9/28
Bhayshul Tuten,JAX,1,1,8,8,8,0,0,0,0,9/28
Tez Johnson,TB,1,1,8,8,8,0,0,0,0,9/28
Mike Gesicki,CIN,1,1,8,8,8,0,0,0,0,9/28
Allen Lazard,NYJ,1,1,8,8,8,0,0,0,0,9/28
LeQuint Allen Jr.,JAX,1,1,7,7,7,0,0,0,0,9/28
Jack Stoll,NO,1,1,7,7,7,0,0,0,0,9/28
Jordan Whittington,LAR,1,1,7,7,7,0,0,0,0,9/28
A.J. Brown,PHI,2,9,7,3.5,9,1,0,0,0,9/28
Luke Musgrave,GB,1,1,6,6,6,0,0,0,0,9/28
Cedric Tillman,CLE,1,2,6,6,6,1,0,0,0,9/28
Jahmyr Gibbs,DET,2,2,6,3,4,0,0,0,0,9/28
Jonnu Smith,PIT,2,3,6,3,6,0,0,0,0,9/28
Van Jefferson,TEN,1,1,6,6,6,1,0,0,0,9/28
Nate Adkins,DEN,2,3,5,2.5,7,1,0,0,0,9/28
Zach Charbonnet,SEA,2,2,5,2.5,9,0,0,0,0,9/28
Tre Tucker,LV,8,9,145,18.1,61,7,3,0,0,9/21
Courtland Sutton,DEN,6,8,118,19.7,52,5,1,0,0,9/21
Ricky Pearsall,SF,8,11,117,14.6,34,6,0,0,0,9/21
Puka Nacua,LAR,11,15,112,10.2,20,7,0,0,0,9/21
A.J. Brown,PHI,6,10,109,18.2,38,4,1,0,0,9/21
Nico Collins,HOU,8,11,104,13,50,3,1,1,1,9/21
Luther Burden III,CHI,3,3,101,33.7,65,2,1,0,0,9/21
Jaxon Smith-Njigba,SEA,5,6,96,19.2,45,4,1,0,0,9/21
Mark Andrews,BAL,6,6,91,15.2,27,4,2,0,0,9/21
Hunter Henry,NE,8,11,90,11.3,18,6,2,0,0,9/21
Quentin Johnston,LAC,6,9,89,14.8,37,4,0,0,0,9/21
Christian McCaffrey,SF,10,15,88,8.8,20,2,0,0,0,9/21
Emeka Egbuka,TB,6,8,85,14.2,30,4,0,0,0,9/21
Garrett Wilson,NYJ,10,13,84,8.4,17,4,1,0,0,9/21
Jake Ferguson,DAL,13,14,82,6.3,12,2,0,0,0,9/21
Sterling Shepard,TB,4,5,80,20,24,4,0,0,0,9/21
Amon-Ra St. Brown,DET,7,8,77,11,20,5,1,0,0,9/21
Justin Jefferson,MIN,5,7,75,15,36,2,0,0,0,9/21
Terry McLaurin,WAS,3,4,74,24.7,56,3,0,0,0,9/21
Michael Pittman Jr.,IND,6,6,73,12.2,20,4,1,0,0,9/21
Tyquan Thornton,KC,5,9,71,14.2,33,4,1,0,0,9/21
George Pickens,DAL,5,9,68,13.6,24,5,1,0,0,9/21
Alec Pierce,IND,4,5,67,16.8,19,3,0,0,0,9/21
Dalton Kincaid,BUF,5,6,66,13.2,20,4,1,0,0,9/21
Chig Okonkwo,TEN,5,6,66,13.2,22,3,0,0,0,9/21
Keenan Allen,LAC,7,11,65,9.3,20,4,1,0,0,9/21
KaVontae Turpin,DAL,2,3,64,32,37,2,0,0,0,9/21
Jakobi Meyers,LV,3,4,63,21,45,1,0,0,0,9/21
Rashod Bateman,BAL,5,7,63,12.6,20,5,1,0,0,9/21
Rome Odunze,CHI,3,7,62,20.7,35,3,1,0,0,9/21
Cam Skattebo,NYG,6,8,61,10.2,21,4,0,0,0,9/21
Brenton Strange,JAX,6,7,61,10.2,16,3,0,0,0,9/21
DeVonta Smith,PHI,8,9,60,7.5,16,3,1,0,0,9/21
Omarion Hampton,LAC,6,7,59,9.8,22,3,0,1,0,9/21
Chris Olave,NO,10,14,57,5.7,9,4,0,0,0,9/21
Davante Adams,LAR,3,8,56,18.7,44,1,1,0,0,9/21
Luke McCaffrey,WAS,3,3,56,18.7,43,1,1,0,0,9/21
JuJu Smith-Schuster,KC,4,4,55,13.8,27,3,0,0,0,9/21
Drake London,ATL,5,8,55,11,18,3,0,0,0,9/21
Brian Thomas Jr.,JAX,2,6,55,27.5,46,2,0,0,0,9/21
Matthew Golden,GB,4,4,52,13,34,1,0,0,0,9/21
Juwan Johnson,NO,6,8,51,8.5,21,3,0,0,0,9/21
Ja'Marr Chase,CIN,5,6,50,10,28,1,0,1,1,9/21
Tyreek Hill,MIA,5,10,49,9.8,19,5,1,0,0,9/21
T.J. Hockenson,MIN,5,6,49,9.8,13,4,1,0,0,9/21
Tetairoa McMillan,CAR,3,8,48,16,23,3,0,0,0,9/21
Oronde Gadsden,LAC,5,7,46,9.2,17,3,0,0,0,9/21
Khalil Shakir,BUF,4,4,45,11.3,15,2,1,0,0,9/21
D'Andre Swift,CHI,3,4,45,15,41,1,0,0,0,9/21
Justice Hill,BAL,3,4,45,15,37,1,0,0,0,9/21
Josh Jacobs,GB,5,9,44,8.8,31,2,0,1,0,9/21
Marvin Harrison Jr.,ARI,3,6,44,14.7,32,2,0,0,0,9/21
Darnell Mooney,ATL,4,11,44,11,21,3,0,0,0,9/21
Trey McBride,ARI,5,8,43,8.6,17,2,1,0,0,9/21
Jameson Williams,DET,2,3,43,21.5,24,2,0,0,0,9/21
Hollywood Brown,KC,4,6,42,10.5,17,2,0,0,0,9/21
Rashid Shaheed,NO,4,6,42,10.5,15,2,0,0,0,9/21
Ladd McConkey,LAC,4,7,41,10.3,14,3,0,0,0,9/21
David Njoku,CLE,5,7,40,8,13,2,0,0,0,9/21
Jaylen Waddle,MIA,5,6,39,7.8,15,4,1,0,0,9/21
Dalton Schultz,HOU,5,6,39,7.8,12,2,0,0,0,9/21
Kyle Pitts Sr.,ATL,4,6,39,9.8,17,2,0,0,0,9/21
Bijan Robinson,ATL,5,6,39,7.8,25,2,0,0,0,9/21
Rhamondre Stevenson,NE,3,3,38,12.7,23,1,0,2,2,9/21
Elic Ayomanor,TEN,4,5,38,9.5,11,3,1,0,0,9/21
Tyler Warren,IND,3,5,38,12.7,17,2,0,0,0,9/21
Kendrick Bourne,SF,4,6,38,9.5,11,2,0,0,0,9/21
Brock Bowers,LV,4,5,38,9.5,18,2,0,0,0,9/21
Zach Ertz,WAS,3,3,38,12.7,19,1,0,0,0,9/21
Tyler Lockett,TEN,4,4,37,9.3,16,2,0,0,0,9/21
Jalen Nailor,MIN,3,5,37,12.3,22,2,0,0,0,9/21
Jaylen Warren,PIT,5,6,34,6.8,15,1,0,0,0,9/21
Parker Washington,JAX,4,11,34,8.5,16,2,0,0,0,9/21
Josh Downs,IND,2,3,34,17,29,1,0,0,0,9/21
Calvin Austin III,PIT,3,5,34,11.3,17,1,1,0,0,9/21
Devontez Walker,BAL,1,1,34,34,34,1,0,0,0,9/21
Dallas Goedert,PHI,1,2,33,33,33,1,1,0,0,9/21
Mike Evans,TB,4,9,33,8.3,14,3,1,0,0,9/21
Bucky Irving,TB,4,4,33,8.3,25,1,0,0,0,9/21
Sam LaPorta,DET,4,4,33,8.3,14,3,0,0,0,9/21
DK Metcalf,PIT,3,4,32,10.7,15,2,1,0,0,9/21
Jahmyr Gibbs,DET,5,6,32,6.4,9,0,0,0,0,9/21
Tory Horton,SEA,3,4,32,10.7,14,1,1,0,0,9/21
Tyler Johnson,NYJ,2,3,32,16,20,2,0,0,0,9/21
Colston Loveland,CHI,1,3,31,31,31,1,0,0,0,9/21
Cooper Kupp,SEA,2,3,31,15.5,23,1,0,0,0,9/21
Breece Hall,NYJ,4,6,31,7.8,12,2,0,0,0,9/21
Elijah Moore,BUF,2,3,30,15,30,1,0,0,0,9/21
Darius Slayton,NYG,4,4,30,7.5,14,1,0,0,0,9/21
De'Von Achane,MIA,7,9,29,4.1,15,1,0,0,0,9/21
Tucker Kraft,GB,3,4,29,9.7,18,1,0,0,0,9/21
Dont'e Thornton Jr.,LV,2,4,29,14.5,20,1,0,0,0,9/21
Austin Hooper,NE,2,3,28,14,16,2,0,0,0,9/21
Kayshon Boutte,NE,2,3,28,14,20,1,0,0,0,9/21
Calvin Ridley,TEN,1,7,27,27,27,1,0,0,0,9/21
Gunnar Helm,TEN,3,3,27,9,11,2,0,0,0,9/21
Mack Hollins,NE,4,4,27,6.8,11,1,0,0,0,9/21
Noah Fant,CIN,5,5,26,5.2,10,1,0,1,1,9/21
Wan'Dale Robinson,NYG,1,4,26,26,26,1,0,0,0,9/21
Cedric Tillman,CLE,3,3,26,8.7,10,3,0,0,0,9/21
Travis Kelce,KC,4,7,26,6.5,13,2,0,0,0,9/21
Chris Moore,WAS,2,2,25,12.5,13,2,0,0,0,9/21
Harold Fannin Jr.,CLE,3,4,25,8.3,13,1,0,0,0,9/21
Romeo Doubs,GB,2,2,25,12.5,16,2,0,0,0,9/21
Zay Jones,ARI,2,3,25,12.5,18,1,0,0,0,9/21
Christian Kirk,HOU,3,8,25,8.3,13,2,0,0,0,9/21
Tyrell Shavers,BUF,2,2,24,12,17,2,0,0,0,9/21
Olamide Zaccheaus,CHI,3,4,24,8,11,1,0,0,0,9/21
Jalen Tolbert,DAL,3,6,24,8,12,3,0,0,0,9/21
Brandin Cooks,NO,3,5,24,8,12,1,0,0,0,9/21
Jonnu Smith,PIT,3,3,23,7.7,21,1,0,1,0,9/21
Stefon Diggs,NE,3,3,23,7.7,11,2,0,0,0,9/21
AJ Barner,SEA,1,1,23,23,23,1,0,0,0,9/21
Charlie Kolar,BAL,2,3,22,11,15,1,0,0,0,9/21
Jack Stoll,NO,2,3,21,10.5,13,1,1,0,0,9/21
Travis Hunter,JAX,1,2,21,21,21,1,0,0,0,9/21
DJ Moore,CHI,4,5,21,5.3,12,2,1,0,0,9/21
Ryan Flournoy,DAL,2,3,21,10.5,11,1,0,0,0,9/21
Dontayvion Wicks,GB,2,4,21,10.5,16,1,0,0,0,9/21
Jake Tonges,SF,2,3,21,10.5,11,2,0,0,0,9/21
Zavier Scott,MIN,1,1,20,20,20,1,0,1,0,9/21
Ray-Ray McCloud III,ATL,2,5,20,10,12,1,0,0,0,9/21
Keon Coleman,BUF,3,4,20,6.7,8,1,0,0,0,9/21
Drew Sample,CIN,2,3,20,10,16,2,1,0,0,9/21
TreVeyon Henderson,NE,3,3,19,6.3,8,0,0,0,0,9/21
Kyren Williams,LAR,2,3,18,9,10,2,1,0,0,9/21
Mason Taylor,NYJ,4,6,18,4.5,10,2,0,0,0,9/21
Chase Brown,CIN,4,5,17,4.3,9,1,0,1,0,9/21
Jerry Jeudy,CLE,1,5,17,17,17,1,0,0,0,9/21
Noah Gray,KC,3,6,17,5.7,10,1,0,0,0,9/21
Braelon Allen,NYJ,2,2,17,8.5,12,1,0,0,0,9/21
Javonte Williams,DAL,5,5,16,3.2,6,1,0,1,1,9/21
Xavier Hutchinson,HOU,3,3,16,5.3,6,0,0,0,0,9/21
Isaiah Bond,CLE,2,4,16,8,17,0,0,0,0,9/21
Jonathan Taylor,IND,3,4,16,5.3,8,0,0,0,0,9/21
Tommy Tremble,CAR,2,2,16,8,12,1,0,0,0,9/21
Tim Patrick,JAX,1,1,16,16,16,1,0,0,0,9/21
James Conner,ARI,3,4,15,5,10,1,0,1,0,9/21
George Holani,SEA,2,2,15,7.5,11,1,0,1,1,9/21
Brycen Tremayne,CAR,2,2,15,7.5,8,1,0,0,0,9/21
Tee Higgins,CIN,1,2,15,15,15,1,0,0,0,9/21
Tony Pollard,TEN,2,4,14,7,11,0,0,0,0,9/21
RJ Harvey,DEN,3,3,14,4.7,9,0,0,0,0,9/21
Alvin Kamara,NO,1,2,14,14,14,1,0,0,0,9/21
Malik Nabers,NYG,2,7,13,6.5,9,0,0,0,0,9/21
Tanner Conner,MIA,1,2,13,13,13,1,0,0,0,9/21
Allen Lazard,NYJ,2,3,13,6.5,9,1,1,0,0,9/21
David Montgomery,DET,1,1,13,13,13,1,0,0,0,9/21
DeAndre Hopkins,BAL,1,2,13,13,13,1,0,0,0,9/21
Zay Flowers,BAL,2,3,13,6.5,7,1,0,0,0,9/21
Eric Saubert,SEA,1,1,12,12,12,1,0,0,0,9/21
Malik Washington,MIA,3,5,12,4,5,0,0,0,0,9/21
Miles Sanders,DAL,3,3,12,4,6,0,0,0,0,9/21
John FitzPatrick,GB,2,2,12,6,9,1,1,0,0,9/21
Josh Oliver,MIN,1,1,12,12,12,1,1,0,0,9/21
Kenneth Walker III,SEA,1,1,12,12,12,1,0,0,0,9/21
Dareke Young,SEA,1,1,12,12,12,1,0,0,0,9/21
Hunter Long,JAX,2,3,12,6,7,0,0,0,0,9/21
Deebo Samuel,WAS,2,3,11,5.5,9,0,0,0,0,9/21
Ja'Tavion Sanders,CAR,2,2,11,5.5,7,1,0,0,0,9/21
Cole Kmet,CHI,1,1,10,10,10,1,1,0,0,9/21
James Cook III,BUF,3,3,10,3.3,5,0,0,0,0,9/21
Jerome Ford,CLE,4,4,10,2.5,10,0,0,0,0,9/21
Kenneth Gainwell,PIT,1,1,10,10,10,0,0,0,0,9/21
Kareem Hunt,KC,1,1,10,10,10,1,0,0,0,9/21
Theo Johnson,NYG,1,2,10,10,10,1,0,0,0,9/21
Skyy Moore,SF,1,1,10,10,10,1,0,0,0,9/21
Jack Bech,LV,1,1,10,10,10,1,0,0,0,9/21
Tai Felton,MIN,1,1,9,9,9,0,0,0,0,9/21
Saquon Barkley,PHI,4,5,9,2.3,5,0,0,0,0,9/21
Lucas Krull,DEN,1,2,9,9,9,0,0,0,0,9/21
Trey Benson,ARI,3,4,9,3,5,0,0,0,0,9/21
Marquez Valdes-Scantling,SF,1,1,9,9,9,0,0,0,0,9/21
Kendre Miller,NO,2,2,9,4.5,5,0,0,0,0,9/21
David Sills V,ATL,1,2,9,9,9,0,0,0,0,9/21
Mitchell Evans,CAR,1,1,9,9,9,0,0,0,0,9/21
LeQuint Allen Jr.,JAX,1,1,9,9,9,0,0,0,0,9/21
Woody Marks,HOU,1,2,9,9,9,0,0,0,0,9/21
Ty Johnson,BUF,1,2,8,8,8,1,0,0,0,9/21
John Metchie III,PHI,1,1,8,8,8,1,0,0,0,9/21
Van Jefferson,TEN,1,1,8,8,8,0,0,0,0,9/21
Kyle Williams,NE,1,1,8,8,8,0,0,0,0,9/21
Troy Franklin,DEN,2,4,8,4,7,0,0,0,0,9/21
Tip Reiman,ARI,2,3,8,4,6,0,0,0,0,9/21
Rico Dowdle,CAR,1,1,8,8,8,1,0,0,0,9/21
Derrick Henry,BAL,1,1,7,7,7,0,0,1,1,9/21
Jamari Thrash,CLE,2,3,7,3.5,4,0,0,0,0,9/21
DeMario Douglas,NE,2,5,7,3.5,8,0,0,0,0,9/21
Chris Manhertz,NYG,1,1,7,7,7,0,0,0,0,9/21
Tyrone Tracy Jr.,NYG,2,3,7,3.5,4,0,0,0,0,9/21
Jordan Whittington,LAR,2,3,7,3.5,9,0,0,0,0,9/21
Jahan Dotson,PHI,1,3,7,7,7,0,0,0,0,9/21
Elijah Higgins,ARI,1,1,7,7,7,1,0,0,0,9/21
Johnny Mundt,JAX,1,1,7,7,7,0,0,0,0,9/21
Dyami Brown,JAX,2,3,7,3.5,6,1,0,0,0,9/21
Mike Gesicki,CIN,1,3,6,6,6,0,0,0,0,9/21
Cam Grandy,CIN,1,1,6,6,6,0,0,1,0,9/21
Pat Freiermuth,PIT,1,3,6,6,6,0,0,0,0,9/21
Daniel Bellinger,NYG,1,1,6,6,6,0,0,0,0,9/21
Hunter Renfrow,CAR,2,4,6,3,5,0,0,0,0,9/21
Malik Nabers,NYG,9,13,167,18.6,48,6,2,0,0,9/14
Ja'Marr Chase,CIN,14,16,165,11.8,25,10,1,0,0,9/14
Wan'Dale Robinson,NYG,8,10,142,17.8,50,5,1,0,0,9/14
Rome Odunze,CHI,7,11,128,18.3,37,6,2,0,0,9/14
Tucker Kraft,GB,6,7,124,20.7,57,5,1,0,0,9/14
Amon-Ra St. Brown,DET,9,11,115,12.8,34,7,3,0,0,9/14
CeeDee Lamb,DAL,9,11,112,12.4,33,4,0,0,0,9/14
Tyreek Hill,MIA,6,7,109,18.2,47,4,0,0,0,9/14
Jameson Williams,DET,2,4,108,54,64,2,1,0,0,9/14
Davante Adams,LAR,6,13,106,17.7,33,4,1,0,0,9/14
Jaxon Smith-Njigba,SEA,8,10,103,12.9,43,4,0,0,0,9/14
Tetairoa McMillan,CAR,6,10,100,16.7,40,5,0,0,0,9/14
De'Von Achane,MIA,8,10,92,11.5,29,4,1,0,0,9/14
Puka Nacua,LAR,8,9,91,11.4,24,4,0,0,0,9/14
Cooper Kupp,SEA,7,9,90,12.9,17,5,0,0,0,9/14
Troy Franklin,DEN,8,9,89,11.1,42,3,1,0,0,9/14
Jauan Jennings,SF,5,10,89,17.8,42,3,1,0,0,9/14
Rhamondre Stevenson,NE,5,5,88,17.6,55,2,0,0,0,9/14
Jaylen Warren,PIT,4,4,86,21.5,65,2,0,0,0,9/14
Justin Jefferson,MIN,3,6,81,27,50,2,0,0,0,9/14
Tyler Warren,IND,4,7,79,19.8,41,4,0,0,0,9/14
Jake Ferguson,DAL,9,12,78,8.7,19,4,0,0,0,9/14
Trey McBride,ARI,6,7,78,13,31,4,0,0,0,9/14
Parker Washington,JAX,5,5,76,15.2,40,3,0,0,0,9/14
Zay Flowers,BAL,7,11,75,10.7,19,3,0,0,0,9/14
Quentin Johnston,LAC,3,7,71,23.7,60,1,1,0,0,9/14
George Pickens,DAL,5,9,68,13.6,27,5,1,0,0,9/14
Alec Pierce,IND,4,5,68,17,44,3,0,0,0,9/14
Jaylen Waddle,MIA,5,6,68,13.6,23,3,1,0,0,9/14
Jakobi Meyers,LV,6,12,68,11.3,25,3,0,0,0,9/14
Zach Ertz,WAS,6,8,64,10.7,20,3,1,0,0,9/14
DeAndre Hopkins,BAL,2,2,64,32,41,2,1,0,0,9/14
Darius Slayton,NYG,2,3,61,30.5,52,1,0,0,0,9/14
Travis Kelce,KC,4,6,61,15.3,23,3,0,0,0,9/14
Keenan Allen,LAC,5,7,61,12.2,25,3,1,0,0,9/14
Tyquan Thornton,KC,2,5,59,29.5,49,1,1,0,0,9/14
Dyami Brown,JAX,5,7,57,11.4,18,4,1,0,0,9/14
Calvin Ridley,TEN,3,6,57,19,26,3,0,0,0,9/14
Tee Higgins,CIN,3,8,56,18.7,42,2,1,0,0,9/14
Elic Ayomanor,TEN,4,6,56,14,23,4,1,0,0,9/14
Ricky Pearsall,SF,4,6,56,14,15,4,0,0,0,9/14
Mike Evans,TB,5,11,56,11.2,22,3,0,0,0,9/14
Chris Olave,NO,6,10,54,9,14,4,0,0,0,9/14
Ja'Tavion Sanders,CAR,7,9,54,7.7,12,3,0,0,0,9/14
DeVonta Smith,PHI,4,6,53,13.3,28,2,0,0,0,9/14
Rashid Shaheed,NO,4,5,52,13,39,2,1,0,0,9/14
Christian McCaffrey,SF,6,7,52,8.7,14,3,1,0,0,9/14
Nico Collins,HOU,3,9,52,17.3,29,2,1,0,0,9/14
Josh Downs,IND,6,8,51,8.5,19,4,0,0,0,9/14
Jerry Jeudy,CLE,4,8,51,12.8,26,2,0,0,0,9/14
Garrett Wilson,NYJ,4,8,50,12.5,18,2,0,1,0,9/14
Jonathan Taylor,IND,2,2,50,25,43,2,1,0,0,9/14
Bucky Irving,TB,6,6,50,8.3,22,2,0,0,0,9/14
Brian Thomas Jr.,JAX,4,12,49,12.3,18,3,0,0,0,9/14
Drake London,ATL,3,4,49,16.3,21,2,0,1,1,9/14
Juwan Johnson,NO,5,9,49,9.8,18,3,1,0,0,9/14
Brycen Tremayne,CAR,3,5,48,16,26,2,0,0,0,9/14
Terry McLaurin,WAS,5,9,48,9.6,14,4,0,0,0,9/14
Hunter Renfrow,CAR,7,9,48,6.9,15,4,2,0,0,9/14
Harold Fannin Jr.,CLE,5,5,48,9.6,20,2,0,0,0,9/14
Ladd McConkey,LAC,5,5,48,9.6,19,2,0,0,0,9/14
KaVontae Turpin,DAL,4,4,47,11.8,16,3,1,0,0,9/14
Joshua Palmer,BUF,2,3,47,23.5,32,2,0,0,0,9/14
DJ Moore,CHI,5,6,46,9.2,18,2,0,0,0,9/14
Elijah Higgins,ARI,2,3,45,22.5,27,2,0,0,0,9/14
Dontayvion Wicks,GB,4,6,44,11,14,4,0,0,0,9/14
Deebo Samuel,WAS,7,8,44,6.3,12,2,1,0,0,9/14
Jordan Whittington,LAR,2,2,42,21,40,1,0,0,0,9/14
Michael Pittman Jr.,IND,4,5,40,10,12,3,0,0,0,9/14
David Njoku,CLE,4,5,40,10,23,1,0,0,0,9/14
Chuba Hubbard,CAR,5,6,39,7.8,16,3,1,0,0,9/14
Austin Hooper,NE,3,3,38,12.7,22,2,0,0,0,9/14
Brock Bowers,LV,5,8,38,7.6,9,2,0,0,0,9/14
Malik Heath,GB,1,1,37,37,37,1,0,0,0,9/14
Tyler Higbee,LAR,4,4,37,9.3,20,2,0,0,0,9/14
Kyle Pitts Sr.,ATL,4,5,37,9.3,14,2,0,0,0,9/14
Dalton Kincaid,BUF,4,6,37,9.3,18,1,0,0,0,9/14
Woody Marks,HOU,1,1,37,37,37,1,0,0,0,9/14
Tyrone Tracy Jr.,NYG,4,5,36,9,14,1,0,0,0,9/14
Chig Okonkwo,TEN,4,6,35,8.8,14,1,0,0,0,9/14
Theo Johnson,NYG,4,5,34,8.5,14,2,0,0,0,9/14
Tre' Harris,LAC,2,3,34,17,24,1,0,0,0,9/14
Sterling Shepard,TB,4,4,34,8.5,15,2,0,0,0,9/14
Javonte Williams,DAL,6,7,33,5.5,11,1,0,0,0,9/14
Luke Musgrave,GB,2,2,32,16,23,2,0,0,0,9/14
Bhayshul Tuten,JAX,2,2,32,16,24,2,1,0,0,9/14
Stefon Diggs,NE,4,5,32,8,10,1,0,0,0,9/14
Kendrick Bourne,SF,3,3,32,10.7,13,2,0,0,0,9/14
Tory Horton,SEA,2,4,32,16,21,1,1,0,0,9/14
Jalen Nailor,MIN,3,5,31,10.3,17,2,0,0,0,9/14
Jake Tonges,SF,4,5,31,7.8,11,2,0,0,0,9/14
Elijah Moore,BUF,1,1,31,31,31,1,0,0,0,9/14
Pat Freiermuth,PIT,3,4,31,10.3,20,1,0,0,0,9/14
Elijah Arroyo,SEA,2,3,31,15.5,24,1,0,0,0,9/14
Hollywood Brown,KC,5,5,30,6,11,2,0,0,0,9/14
TreVeyon Henderson,NE,2,2,30,15,15,2,0,0,0,9/14
Trey Benson,ARI,4,6,30,7.5,12,1,0,0,0,9/14
Cole Kmet,CHI,2,2,29,14.5,22,2,0,0,0,9/14
Isaac TeSlaa,DET,1,1,29,29,29,1,0,0,0,9/14
Emeka Egbuka,TB,4,7,29,7.3,15,3,1,0,0,9/14
Nick Chubb,HOU,2,2,29,14.5,27,1,0,0,0,9/14
Dalton Schultz,HOU,3,4,29,9.7,16,1,0,0,0,9/14
Xavier Hutchinson,HOU,2,3,29,14.5,20,1,0,0,0,9/14
Romeo Doubs,GB,3,5,28,9.3,17,2,1,0,0,9/14
Noah Fant,CIN,3,4,28,9.3,25,1,0,0,0,9/14
Brock Wright,DET,3,3,28,9.3,12,2,1,0,0,9/14
Jayden Higgins,HOU,1,1,28,28,28,1,0,0,0,9/14
Chris Brooks,GB,3,4,27,9,16,0,0,0,0,9/14
A.J. Brown,PHI,5,8,27,5.4,8,1,0,0,0,9/14
Marvin Harrison Jr.,ARI,2,5,27,13.5,15,1,0,0,0,9/14
Jonnu Smith,PIT,4,4,27,6.8,10,0,0,0,0,9/14
AJ Barner,SEA,2,3,26,13,19,2,1,0,0,9/14
Sam LaPorta,DET,3,4,26,8.7,10,1,0,0,0,9/14
Adam Thielen,MIN,2,3,26,13,19,2,0,0,0,9/14
Brandin Cooks,NO,2,2,26,13,20,2,0,0,0,9/14
Keon Coleman,BUF,3,3,26,8.7,12,2,0,0,0,9/14
Devontez Walker,BAL,2,2,26,13,24,2,2,0,0,9/14
Tylan Wallace,BAL,2,2,25,12.5,15,2,1,0,0,9/14
Bijan Robinson,ATL,3,5,25,8.3,15,0,0,0,0,9/14
Cade Otton,TB,3,4,25,8.3,12,1,0,0,0,9/14
Marvin Mims Jr.,DEN,2,2,24,12,23,1,1,0,0,9/14
Jerome Ford,CLE,5,6,23,4.6,12,0,0,0,0,9/14
Travis Hunter,JAX,3,6,22,7.3,9,1,0,0,0,9/14
Calvin Austin III,PIT,1,4,22,22,22,1,0,0,0,9/14
Cedric Tillman,CLE,2,7,22,11,18,1,1,0,0,9/14
Alvin Kamara,NO,6,6,21,3.5,6,0,0,1,1,9/14
Nikko Remigio,KC,1,1,21,21,21,1,0,0,0,9/14
Tommy Tremble,CAR,3,3,20,6.7,9,1,0,0,0,9/14
Dont'e Thornton Jr.,LV,1,4,20,20,20,1,0,0,0,9/14
Ryan Miller,TB,1,1,20,20,20,1,1,0,0,9/14
Adonai Mitchell,IND,2,4,20,10,12,0,0,0,0,9/14
Darnell Mooney,ATL,2,4,20,10,11,1,0,0,0,9/14
DK Metcalf,PIT,3,6,20,6.7,9,1,1,0,0,9/14
Najee Harris,LAC,2,2,20,10,11,1,0,0,0,9/14
Tyler Badie,DEN,2,2,19,9.5,19,1,0,0,0,9/14
Luke McCaffrey,WAS,1,1,19,19,19,1,0,0,0,9/14
Dawson Knox,BUF,2,5,19,9.5,12,2,0,0,0,9/14
Chase Brown,CIN,2,3,18,9,13,1,0,0,0,9/14
James Conner,ARI,1,1,18,18,18,1,0,0,0,9/14
Mike Gesicki,CIN,3,4,18,6,10,1,0,0,0,9/14
Travis Etienne Jr.,JAX,2,3,18,9,11,1,1,0,0,9/14
Pat Bryant,DEN,2,3,18,9,12,2,0,0,0,9/14
Nick Westbrook-Ikhine,MIA,2,3,18,9,11,2,0,0,0,9/14
Justice Hill,BAL,3,3,18,6,8,0,0,0,0,9/14
Dylan Laube,LV,2,2,17,8.5,13,1,0,0,0,9/14
Brenton Strange,JAX,3,5,17,5.7,10,1,0,0,0,9/14
Jalen Tolbert,DAL,2,4,16,8,11,1,0,0,0,9/14
RJ Harvey,DEN,1,2,16,16,16,1,0,0,0,9/14
Kayshon Boutte,NE,1,1,16,16,16,1,1,0,0,9/14
Kenneth Gainwell,PIT,3,5,16,5.3,6,1,0,0,0,9/14
Luke Farrell,SF,2,3,15,7.5,11,1,1,0,0,9/14
Rashod Bateman,BAL,2,4,15,7.5,10,1,0,0,0,9/14
Zamir White,LV,2,3,15,7.5,9,0,0,0,0,9/14
Cam Skattebo,NYG,2,3,14,7,9,0,0,0,0,9/14
Kalif Raymond,DET,1,1,14,14,14,1,0,0,0,9/14
Kyren Williams,LAR,2,2,14,7,9,0,0,0,0,9/14
Mitch Tinsley,CIN,1,1,13,13,13,1,1,0,0,9/14
Alec Ingold,MIA,2,2,13,6.5,9,2,0,0,0,9/14
Kenneth Walker III,SEA,1,1,13,13,13,0,0,0,0,9/14
Dylan Sampson,CLE,3,3,13,4.3,8,2,1,0,0,9/14
Andrei Iosivas,CIN,1,5,12,12,12,1,0,0,0,9/14
Olamide Zaccheaus,CHI,2,5,12,6,6,1,0,0,0,9/14
Evan Engram,DEN,1,2,12,12,12,1,0,0,0,9/14
T.J. Hockenson,MIN,1,3,12,12,12,1,0,0,0,9/14
Khalil Shakir,BUF,1,2,12,12,12,1,0,0,0,9/14
Tre Tucker,LV,3,8,12,4,5,0,0,0,0,9/14
Greg Dortch,ARI,1,1,11,11,11,0,0,0,0,9/14
Michael Wilson,ARI,1,2,11,11,11,1,1,0,0,9/14
Jahmyr Gibbs,DET,3,3,10,3.3,8,1,0,0,0,9/14
Van Jefferson,TEN,2,2,10,5,5,2,0,0,0,9/14
Adam Trautman,DEN,3,3,10,3.3,7,2,1,0,0,9/14
Rico Dowdle,CAR,1,1,10,10,10,1,0,0,0,9/14
Quinshon Judkins,CLE,3,3,10,3.3,11,0,0,0,0,9/14
Gunnar Helm,TEN,2,2,9,4.5,7,0,0,0,0,9/14
Michael Mayer,LV,2,2,9,4.5,6,1,0,0,0,9/14
Noah Brown,WAS,1,4,9,9,9,0,0,0,0,9/14
Tyler Lockett,TEN,2,3,9,4.5,5,0,0,0,0,9/14
J.K. Dobbins,DEN,1,2,9,9,9,0,0,0,0,9/14
Hunter Henry,NE,1,3,9,9,9,0,0,0,0,9/14
Breece Hall,NYJ,2,3,9,4.5,7,0,0,0,0,9/14
Mitchell Evans,CAR,1,1,9,9,9,0,0,0,0,9/14
Kyle Monangai,CHI,1,3,8,8,8,0,0,0,0,9/14
Dee Eskridge,MIA,1,1,8,8,8,0,0,0,0,9/14
Davis Allen,LAR,1,1,8,8,8,1,1,0,0,9/14
Mo Alie-Cox,IND,1,1,8,8,8,0,0,0,0,9/14
Mack Hollins,NE,1,2,8,8,8,1,1,0,0,9/14
DeMario Douglas,NE,1,1,8,8,8,0,0,0,0,9/14
Jordan Mason,MIN,2,3,8,4,6,0,0,0,0,9/14
Arian Smith,NYJ,1,2,8,8,8,1,0,0,0,9/14
Austin Ekeler,WAS,2,4,7,3.5,4,0,0,0,0,9/14
Ben Sinnott,WAS,1,1,7,7,7,0,0,0,0,9/14
Drew Sample,CIN,1,2,7,7,7,0,0,0,0,9/14
Isiah Pacheco,KC,1,2,7,7,7,0,0,0,0,9/14
Roman Wilson,PIT,1,2,7,7,7,0,0,0,0,9/14
Will Dissly,LAC,1,1,7,7,7,0,0,0,0,9/14
D'Andre Swift,CHI,3,3,6,2,3,0,0,1,1,9/14
Courtland Sutton,DEN,1,4,6,6,6,0,0,0,0,9/14
Grant Calcaterra,PHI,1,2,6,6,6,0,0,0,0,9/14
Saquon Barkley,PHI,2,2,6,3,6,0,0,0,0,9/14
Isaiah Davis,NYJ,1,3,6,6,6,1,0,0,0,9/14
Zay Flowers,BAL,7,9,143,20.4,39,5,1,0,0,9/7
Puka Nacua,LAR,10,11,130,13,25,7,0,0,0,9/7
Jaxon Smith-Njigba,SEA,9,13,124,13.8,40,6,0,2,1,9/7
Keon Coleman,BUF,8,11,112,14,25,6,1,0,0,9/7
CeeDee Lamb,DAL,7,13,110,15.7,32,6,0,0,0,9/7
Ricky Pearsall,SF,4,7,108,27,45,4,0,0,0,9/7
Brock Bowers,LV,5,8,103,20.6,38,4,0,0,0,9/7
Kayshon Boutte,NE,6,8,103,17.2,24,5,0,0,0,9/7
Bijan Robinson,ATL,6,7,100,16.7,50,3,1,0,0,9/7
Hollywood Brown,KC,10,16,99,9.9,49,4,0,0,0,9/7
Jakobi Meyers,LV,8,10,97,12.1,24,5,0,0,0,9/7
Garrett Wilson,NYJ,7,9,95,13.6,33,4,1,0,0,9/7
DK Metcalf,PIT,4,7,83,20.8,31,4,0,0,0,9/7
Michael Pittman Jr.,IND,6,8,80,13.3,27,4,1,0,0,9/7
Quentin Johnston,LAC,5,7,79,15.8,33,3,2,0,0,9/7
Sam LaPorta,DET,6,9,79,13.2,32,3,0,0,0,9/7
Deebo Samuel,WAS,7,10,77,11,21,3,0,0,0,9/7
Tyler Warren,IND,7,9,76,10.9,21,4,0,0,0,9/7
Juwan Johnson,NO,8,11,76,9.5,21,4,0,0,0,9/7
Ladd McConkey,LAC,6,9,74,12.3,23,3,0,0,0,9/7
Christian McCaffrey,SF,9,10,73,8.1,25,3,0,0,0,9/7
Malik Nabers,NYG,5,12,71,14.2,25,4,0,0,0,9/7
Marvin Harrison Jr.,ARI,5,6,71,14.2,45,3,1,0,0,9/7
Calvin Austin III,PIT,4,6,70,17.5,30,3,1,0,0,9/7
DJ Moore,CHI,3,5,68,22.7,30,2,0,1,1,9/7
Keenan Allen,LAC,7,10,68,9.7,15,6,1,0,0,9/7
Romeo Doubs,GB,2,4,68,34,48,2,0,0,0,9/7
Tetairoa McMillan,CAR,5,9,68,13.6,21,4,0,0,0,9/7
Emeka Egbuka,TB,4,6,67,16.8,30,2,2,0,0,9/7
Jerry Jeudy,CLE,5,8,66,13.2,25,4,0,0,0,9/7
Hunter Henry,NE,4,8,66,16.5,27,3,0,0,0,9/7
Khalil Shakir,BUF,6,9,64,10.7,26,3,0,0,0,9/7
Dylan Sampson,CLE,8,8,64,8,14,2,0,0,0,9/7
Harold Fannin Jr.,CLE,7,9,63,9,22,3,0,0,0,9/7
Joshua Palmer,BUF,5,9,61,12.2,32,3,0,0,0,9/7
Courtland Sutton,DEN,6,9,61,10.2,22,4,1,0,0,9/7
Trey McBride,ARI,6,9,61,10.2,25,4,0,0,0,9/7
Jahan Dotson,PHI,3,3,59,19.7,51,1,0,0,0,9/7
Kyle Pitts Sr.,ATL,7,8,59,8.4,14,5,0,0,0,9/7
Brenton Strange,JAX,4,4,59,14.8,24,3,0,0,0,9/7
James Cook III,BUF,5,5,58,11.6,51,1,0,0,0,9/7
Stefon Diggs,NE,6,7,57,9.5,16,3,0,0,0,9/7
JuJu Smith-Schuster,KC,5,5,55,11,16,1,0,0,0,9/7
Drake London,ATL,8,15,55,6.9,12,2,0,0,0,9/7
Wan'Dale Robinson,NYG,6,8,55,9.2,20,4,0,0,0,9/7
Tre Tucker,LV,2,3,54,27,28,2,1,0,0,9/7
Chris Olave,NO,7,13,54,7.7,13,2,0,0,0,9/7
Cedric Tillman,CLE,5,8,52,10.4,25,3,1,0,0,9/7
Dyami Brown,JAX,3,4,52,17.3,23,3,0,0,0,9/7
Ray-Ray McCloud III,ATL,3,5,51,17,24,3,0,0,0,9/7
Mike Evans,TB,5,8,51,10.2,14,4,0,0,0,9/7
Davante Adams,LAR,4,8,51,12.8,24,4,0,0,0,9/7
Tyler Conklin,LAC,2,2,50,25,33,2,0,1,0,9/7
Dalton Kincaid,BUF,4,4,48,12,22,3,1,1,0,9/7
Travis Kelce,KC,2,4,47,23.5,37,2,1,0,0,9/7
Amon-Ra St. Brown,DET,4,6,45,11.3,19,4,0,0,0,9/7
Jayden Reed,GB,3,5,45,15,26,2,1,0,0,9/7
Dont'e Thornton Jr.,LV,2,4,45,22.5,36,2,0,0,0,9/7
Dallas Goedert,PHI,7,7,44,6.3,9,2,0,0,0,9/7
Troy Franklin,DEN,4,6,44,11,18,3,0,0,0,9/7
Aaron Jones Sr.,MIN,3,3,44,14.7,27,2,1,0,0,9/7
Justin Jefferson,MIN,4,7,44,11,17,2,1,0,0,9/7
Olamide Zaccheaus,CHI,4,7,42,10.5,16,2,0,0,0,9/7
Tyquan Thornton,KC,2,4,41,20.5,38,1,0,0,0,9/7
Tyreek Hill,MIA,4,6,40,10,21,3,0,0,0,9/7
Sterling Shepard,TB,3,6,39,13,19,3,0,0,0,9/7
Michael Mayer,LV,4,4,38,9.5,12,3,0,0,0,9/7
Breece Hall,NYJ,2,4,38,19,33,1,0,0,0,9/7
David Njoku,CLE,3,6,37,12.3,17,1,0,0,0,9/7
Rome Odunze,CHI,6,9,37,6.2,17,3,1,0,0,9/7
Alec Pierce,IND,1,3,36,36,36,1,0,0,0,9/7
Xavier Smith,LAR,1,1,36,36,36,1,0,0,0,9/7
DeAndre Hopkins,BAL,2,2,35,17.5,29,1,1,0,0,9/7
Chris Moore,WAS,1,1,34,34,34,1,0,0,0,9/7
Rashid Shaheed,NO,6,9,33,5.5,17,2,0,0,0,9/7
Travis Hunter,JAX,6,8,33,5.5,10,0,0,0,0,9/7
Casey Washington,ATL,3,6,33,11,19,3,0,0,0,9/7
Tee Higgins,CIN,3,4,33,11,13,2,0,0,0,9/7
Jayden Higgins,HOU,2,3,32,16,23,1,0,0,0,9/7
Kyle Juszczyk,SF,2,2,32,16,25,1,0,0,0,9/7
Chuba Hubbard,CAR,3,5,32,10.7,27,1,1,0,0,9/7
Jahmyr Gibbs,DET,10,10,31,3.1,7,1,0,0,0,9/7
Tyler Johnson,NYJ,2,2,31,15.5,24,1,0,0,0,9/7
Austin Ekeler,WAS,3,3,31,10.3,15,2,0,0,0,9/7
Cole Kmet,CHI,1,4,31,31,31,1,0,0,0,9/7
George Pickens,DAL,3,4,30,10,15,2,0,0,0,9/7
Dontayvion Wicks,GB,2,2,30,15,16,2,0,0,0,9/7
Jaylen Waddle,MIA,4,5,30,7.5,16,1,0,0,0,9/7
Xavier Hutchinson,HOU,2,2,30,15,23,1,0,0,0,9/7
Tony Pollard,TEN,1,1,29,29,29,1,0,1,1,9/7
Jackson Hawes,BUF,1,1,29,29,29,1,0,0,0,9/7
Dalton Schultz,HOU,3,5,28,9.3,11,2,0,0,0,9/7
Pat Freiermuth,PIT,3,3,28,9.3,11,2,0,0,0,9/7
Jalen Nailor,MIN,1,3,28,28,28,1,0,0,0,9/7
Ja'Tavion Sanders,CAR,2,3,27,13.5,18,1,0,0,0,9/7
Calvin Ridley,TEN,4,8,27,6.8,13,1,0,0,0,9/7
Jonathan Taylor,IND,3,3,27,9,16,2,0,0,0,9/7
Justin Watson,HOU,2,2,27,13.5,15,1,0,0,0,9/7
Noah Brown,WAS,2,3,27,13.5,18,1,0,0,0,9/7
Terry McLaurin,WAS,2,4,27,13.5,14,1,0,0,0,9/7
Noah Fant,CIN,4,5,26,6.5,12,2,1,0,0,9/7
Ja'Marr Chase,CIN,2,5,26,13,20,1,0,0,0,9/7
Brandin Cooks,NO,3,4,26,8.7,12,2,0,0,0,9/7
Zach Ertz,WAS,3,5,26,8.7,11,2,1,0,0,9/7
Nico Collins,HOU,3,5,25,8.3,14,0,0,0,0,9/7
George Kittle,SF,4,4,25,6.3,11,3,1,0,0,9/7
Saquon Barkley,PHI,4,5,24,6,8,2,0,0,0,9/7
TreVeyon Henderson,NE,6,6,24,4,13,0,0,0,0,9/7
Jake Ferguson,DAL,5,6,23,4.6,5,0,0,0,0,9/7
Jameson Williams,DET,4,5,23,5.8,11,2,0,0,0,9/7
Jack Bech,LV,1,1,23,23,23,1,0,0,0,9/7
Ben Skowronek,PIT,1,1,22,22,22,1,1,0,0,9/7
Cade Stover,HOU,4,4,22,5.5,10,1,0,0,0,9/7
Jaylen Warren,PIT,2,2,22,11,17,2,1,0,0,9/7
Evan Engram,DEN,3,4,21,7,10,1,0,0,0,9/7
Adonai Mitchell,IND,2,2,21,10.5,18,1,0,0,0,9/7
De'Von Achane,MIA,3,4,20,6.7,11,1,1,0,0,9/7
Dawson Knox,BUF,2,2,20,10,12,1,0,0,0,9/7
Mo Alie-Cox,IND,1,1,20,20,20,1,0,0,0,9/7
Tanner Conner,MIA,2,4,20,10,14,1,0,0,0,9/7
Malik Washington,MIA,2,5,20,10,11,1,0,0,0,9/7
Mason Taylor,NYJ,1,1,20,20,20,1,0,0,0,9/7
Chig Okonkwo,TEN,3,4,19,6.3,14,1,0,0,0,9/7
KaVontae Turpin,DAL,2,2,18,9,16,1,0,0,0,9/7
Will Dissly,LAC,1,1,18,18,18,1,0,0,0,9/7
David Montgomery,DET,4,4,18,4.5,7,1,0,0,0,9/7
Josh Reynolds,NYJ,2,3,18,9,13,0,0,0,0,9/7
Dare Ogunbowale,HOU,2,2,17,8.5,16,1,0,1,1,9/7
DeVonta Smith,PHI,3,3,16,5.3,7,1,0,0,0,9/7
Tyler Badie,DEN,2,6,16,8,13,0,0,0,0,9/7
Gunnar Helm,TEN,1,2,16,16,16,1,0,0,0,9/7
Kalif Raymond,DET,2,3,16,8,9,1,0,0,0,9/7
Tucker Kraft,GB,2,4,16,8,15,1,1,0,0,9/7
Matthew Golden,GB,2,2,16,8,11,1,0,0,0,9/7
Jeremy Ruckert,NYJ,2,2,16,8,12,2,0,0,0,9/7
Jauan Jennings,SF,2,5,16,8,11,1,0,0,0,9/7
Jonnu Smith,PIT,5,6,15,3,6,2,1,0,0,9/7
Jake Tonges,SF,3,3,15,5,9,2,1,0,0,9/7
Cooper Kupp,SEA,2,3,15,7.5,9,0,0,0,0,9/7
T.J. Hockenson,MIN,3,4,15,5,9,0,0,0,0,9/7
Mike Gesicki,CIN,1,3,14,14,14,1,0,0,0,9/7
Blake Corum,LAR,1,1,14,14,14,0,0,0,0,9/7
Daniel Bellinger,NYG,1,1,14,14,14,1,0,0,0,9/7
Derrick Henry,BAL,1,1,13,13,13,1,0,1,1,9/7
Omarion Hampton,LAC,2,2,13,6.5,7,0,0,0,0,9/7
Elic Ayomanor,TEN,2,7,13,6.5,10,1,0,0,0,9/7
Isaac TeSlaa,DET,1,1,13,13,13,1,1,0,0,9/7
Davis Allen,LAR,1,2,13,13,13,1,1,0,0,9/7
Devaughn Vele,NO,1,2,13,13,13,1,0,0,0,9/7
Travis Etienne Jr.,JAX,3,3,13,4.3,7,1,0,0,0,9/7
Marvin Mims Jr.,DEN,3,4,12,4,7,1,0,1,1,9/7
Josh Downs,IND,2,3,12,6,6,1,0,0,0,9/7
Rhamondre Stevenson,NE,2,3,12,6,7,0,0,0,0,9/7
Kyle Williams,NE,1,1,12,12,12,1,0,0,0,9/7
Alvin Kamara,NO,2,2,12,6,7,1,0,0,0,9/7
Cam Skattebo,NYG,2,2,12,6,6,0,0,0,0,9/7
D'Andre Swift,CHI,3,5,12,4,8,1,0,0,0,9/7
Colston Loveland,CHI,2,2,12,6,8,0,0,0,0,9/7
Brian Thomas Jr.,JAX,1,7,11,11,11,1,0,0,0,9/7
Tre' Harris,LAC,1,1,11,11,11,1,0,0,0,9/7
Tyrone Tracy Jr.,NYG,2,5,11,5.5,6,0,0,0,0,9/7
Jaylin Lane,WAS,1,2,11,11,11,1,0,0,0,9/7
Hunter Renfrow,CAR,2,6,11,5.5,6,2,0,0,0,9/7
Kyle Monangai,CHI,1,1,11,11,11,1,0,0,0,9/7
Javonte Williams,DAL,2,3,10,5,7,0,0,0,0,9/7
Kareem Hunt,KC,2,3,10,5,6,1,0,0,0,9/7
Rashod Bateman,BAL,2,4,10,5,5,0,0,0,0,9/7
Austin Hooper,NE,1,1,10,10,10,1,0,0,0,9/7
Tip Reiman,ARI,1,1,10,10,10,1,0,0,0,9/7
Xavier Legette,CAR,3,7,10,3.3,9,0,0,0,0,9/7
Dee Eskridge,MIA,1,2,9,9,9,1,0,0,0,9/7
A.J. Brown,PHI,1,1,8,8,8,0,0,0,0,9/7
Bucky Irving,TB,4,4,8,2,9,1,1,0,0,9/7
Chase Brown,CIN,2,3,8,4,7,0,0,0,0,9/7
Bryce Oliver,TEN,1,1,8,8,8,0,0,0,0,9/7
Nick Westbrook-Ikhine,MIA,1,2,7,7,7,1,0,0,0,9/7
Jaylin Noel,HOU,1,2,7,7,7,0,0,0,0,9/7
Elijah Arroyo,SEA,1,1,7,7,7,0,0,0,0,9/7
Jordan Mason,MIN,1,1,7,7,7,0,0,0,0,9/7
Samaje Perine,CIN,2,2,6,3,5,1,0,0,0,9/7
Jamari Thrash,CLE,1,1,6,6,6,0,0,0,0,9/7
Lucas Krull,DEN,1,2,6,6,6,0,0,0,0,9/7
Trey Benson,ARI,1,1,6,6,6,0,0,0,0,9/7
Hunter Long,JAX,1,1,6,6,6,1,1,0,0,9/7
Najee Harris,LAC,1,1,5,5,5,0,0,0,0,9/7
Mark Andrews,BAL,1,1,5,5,5,0,0,0,0,9/7
Isaiah Bond,CLE,1,1,5,5,5,0,0,0,0,9/7
J.K. Dobbins,DEN,2,2,5,2.5,3,0,0,0,0,9/7
Adam Trautman,DEN,1,1,5,5,5,0,0,0,0,9/7
James Conner,ARI,4,4,5,1.3,5,2,1,0,0,9/7
Michael Wilson,ARI,1,4,5,5,5,1,0,0,0,9/7
Theo Johnson,NYG,1,3,5,5,5,0,0,0,0,9/7
Josh Oliver,MIN,1,1,5,5,5,0,0,0,0,9/7
Kenneth Gainwell,PIT,3,4,4,1.3,5,0,0,1,0,9/7
Rico Dowdle,CAR,2,3,4,2,3,0,0,0,0,9/7
Adam Prentice,DEN,1,1,4,4,4,0,0,0,0,9/7
Josh Jacobs,GB,1,1,4,4,4,0,0,0,0,9/7
Luke Musgrave,GB,1,1,4,4,4,0,0,0,0,9/7
Tutu Atwell,LAR,1,1,4,4,4,0,0,0,0,9/7
Zay Jones,ARI,1,1,4,4,4,0,0,0,0,9/7